/*
SQLyog  v12.2.6 (64 bit)
MySQL - 5.5.68-MariaDB : Database - cube_goods
*********************************************************************
*/

/*!40101 SET NAMES utf8 */;

/*!40101 SET SQL_MODE=''*/;

/*!40014 SET @OLD_UNIQUE_CHECKS=@@UNIQUE_CHECKS, UNIQUE_CHECKS=0 */;
/*!40014 SET @OLD_FOREIGN_KEY_CHECKS=@@FOREIGN_KEY_CHECKS, FOREIGN_KEY_CHECKS=0 */;
/*!40101 SET @OLD_SQL_MODE=@@SQL_MODE, SQL_MODE='NO_AUTO_VALUE_ON_ZERO' */;
/*!40111 SET @OLD_SQL_NOTES=@@SQL_NOTES, SQL_NOTES=0 */;
CREATE DATABASE /*!32312 IF NOT EXISTS*/`cube_goods` /*!40100 DEFAULT CHARACTER SET utf8 COLLATE utf8_bin */;

USE `cube_goods`;

/*Table structure for table `tb_attr` */

DROP TABLE IF EXISTS `tb_attr`;

CREATE TABLE `tb_attr` (
  `id` bigint(20) NOT NULL AUTO_INCREMENT COMMENT '自增ID',
  `name` char(30) COLLATE utf8mb4_bin DEFAULT NULL COMMENT '名称',
  `search_type` tinyint(4) DEFAULT NULL COMMENT '搜索类型',
  `icon` varchar(255) COLLATE utf8mb4_bin DEFAULT NULL COMMENT '图表',
  `value_select` char(255) COLLATE utf8mb4_bin DEFAULT NULL COMMENT '选择值',
  `attr_type` tinyint(4) DEFAULT NULL COMMENT '属性类型:0-销售属性,1-基本属性,2-既是基本属性又是销售属性',
  `enable` bigint(20) DEFAULT NULL COMMENT '启用',
  `category_id` int(11) DEFAULT NULL COMMENT '分类ID',
  `show_desc` tinyint(4) DEFAULT NULL COMMENT '描述',
  PRIMARY KEY (`id`)
) ENGINE=InnoDB AUTO_INCREMENT=16 DEFAULT CHARSET=utf8mb4 COLLATE=utf8mb4_bin COMMENT='属性表';

/*Data for the table `tb_attr` */

insert  into `tb_attr`(`id`,`name`,`search_type`,`icon`,`value_select`,`attr_type`,`enable`,`category_id`,`show_desc`) values 
(8,'上市年份',0,'http://shangshi.png','2020;2021',1,1,292,0),
(10,'颜色',0,'http://color.png','黑色;白色',0,1,560,0),
(11,'内存',0,'http://biao.png','128G;256G',0,1,560,0),
(12,'上市年份',0,'http://biao.png','2020;2021',1,1,560,0),
(13,'入网型号',0,'http://color.png','A2404;A2405',1,1,560,0),
(14,'机身宽度',0,'http://color.png','71.5;71.5',1,1,560,0),
(15,'机身厚度',0,'http://color.png','71.5;71.5',1,1,560,0);

/*Table structure for table `tb_attr_attrgroup_relation` */

DROP TABLE IF EXISTS `tb_attr_attrgroup_relation`;

CREATE TABLE `tb_attr_attrgroup_relation` (
  `id` bigint(20) NOT NULL AUTO_INCREMENT COMMENT 'id',
  `attr_id` bigint(20) DEFAULT NULL COMMENT '属性ID',
  `attr_group_id` bigint(20) DEFAULT NULL COMMENT '属性分组ID',
  `attr_sort` int(11) DEFAULT NULL COMMENT '排序',
  PRIMARY KEY (`id`)
) ENGINE=InnoDB AUTO_INCREMENT=14 DEFAULT CHARSET=utf8mb4 COLLATE=utf8mb4_bin COMMENT='属性分组关联表';

/*Data for the table `tb_attr_attrgroup_relation` */

insert  into `tb_attr_attrgroup_relation`(`id`,`attr_id`,`attr_group_id`,`attr_sort`) values 
(8,8,8,NULL),
(9,12,10,1),
(10,13,10,NULL),
(11,14,11,NULL),
(13,15,11,NULL);

/*Table structure for table `tb_attr_group` */

DROP TABLE IF EXISTS `tb_attr_group`;

CREATE TABLE `tb_attr_group` (
  `id` bigint(20) NOT NULL AUTO_INCREMENT COMMENT '自增ID',
  `name` char(20) COLLATE utf8mb4_bin DEFAULT NULL COMMENT '名称',
  `sort` int(11) DEFAULT NULL COMMENT '排序',
  `descript` varchar(255) COLLATE utf8mb4_bin DEFAULT NULL COMMENT '描述',
  `icon` varchar(255) COLLATE utf8mb4_bin DEFAULT NULL COMMENT '图表',
  `category_id` int(11) DEFAULT NULL COMMENT '分类ID',
  PRIMARY KEY (`id`)
) ENGINE=InnoDB AUTO_INCREMENT=12 DEFAULT CHARSET=utf8mb4 COLLATE=utf8mb4_bin COMMENT='属性分组表';

/*Data for the table `tb_attr_group` */

insert  into `tb_attr_group`(`id`,`name`,`sort`,`descript`,`icon`,`category_id`) values 
(8,'主体',NULL,'主体',NULL,292),
(9,'基本信息',NULL,'基本信息',NULL,292),
(10,'主体',1,NULL,NULL,560),
(11,'基本信息',2,NULL,NULL,560);

/*Table structure for table `tb_brand` */

DROP TABLE IF EXISTS `tb_brand`;

CREATE TABLE `tb_brand` (
  `id` int(11) NOT NULL AUTO_INCREMENT COMMENT '品牌id',
  `name` varchar(100) NOT NULL COMMENT '品牌名称',
  `image` varchar(1000) DEFAULT '' COMMENT '品牌图片地址',
  `letter` char(1) DEFAULT '' COMMENT '品牌的首字母',
  `seq` int(11) DEFAULT NULL COMMENT '排序',
  PRIMARY KEY (`id`)
) ENGINE=InnoDB AUTO_INCREMENT=325426 DEFAULT CHARSET=utf8 COMMENT='品牌表';

/*Data for the table `tb_brand` */

insert  into `tb_brand`(`id`,`name`,`image`,`letter`,`seq`) values 
(1115,'HTC','','H',NULL),
(1528,'LG','','L',NULL),
(1912,'NEC','','N',NULL),
(2032,'OPPO','http://img10.360buyimg.com/popshop/jfs/t2119/133/2264148064/4303/b8ab3755/56b2f385N8e4eb051.jpg','O',NULL),
(2505,'TCL','','T',NULL),
(3177,'爱贝多','','A',NULL),
(3539,'安桥','','A',NULL),
(3941,'白金','','B',NULL),
(4986,'波导','','B',NULL),
(6522,'朵唯','','D',NULL),
(6742,'飞利浦','http://img12.360buyimg.com/popshop/jfs/t18361/122/1318410299/1870/36fe70c9/5ac43a4dNa44a0ce0.jpg','F',NULL),
(7174,'富可视','','F',NULL),
(7203,'富士通','','F',NULL),
(7420,'格力','','G',NULL),
(7817,'海尔','http://image.leyou.com/group1/M00/00/00/wKg4ZVrYZcyAVOzoAAB846UcmLg013.png','H',NULL),
(7888,'海信','','H',NULL),
(8214,'黑莓','','H',NULL),
(8551,'华硕','','H',NULL),
(8557,'华为','http://img10.360buyimg.com/popshop/jfs/t5662/36/8888655583/7806/1c629c01/598033b4Nd6055897.jpg','H',NULL),
(8740,'惠普','','H',NULL),
(9420,'金立','','J',NULL),
(9637,'京瓷','','J',NULL),
(10317,'康佳','','K',NULL),
(10640,'酷派','http://img10.360buyimg.com/popshop/jfs/t2521/347/883897149/3732/91c917ec/5670cf96Ncffa2ae6.jpg','K',NULL),
(11516,'联想','http://img11.360buyimg.com/popshop/jfs/t6799/74/1348425607/15774/bc286188/59804c98N1944175e.jpg','L',NULL),
(12286,'漫步者','','M',NULL),
(12669,'魅族','http://img13.360buyimg.com/popshop/jfs/t3511/131/31887105/4943/48f83fa9/57fdf4b8N6e95624d.jpg','M',NULL),
(13066,'摩托罗拉','','M',NULL),
(13539,'诺基亚','http://img11.360buyimg.com/popshop/jfs/t2572/102/189476501/7717/16cc5814/563b33d4N6c59780c.jpg','N',NULL),
(14026,'Apple','http://img12.360buyimg.com/popshop/jfs/t2989/240/151377693/3895/30ad9044/574d36dbN262ef26d.jpg','A',NULL),
(14478,'青橙','','Q',NULL),
(15127,'三星','http://img14.360buyimg.com/popshop/jfs/t2701/34/484677369/7439/ee13e8fa/5716e2c4Nc925baf3.jpg','S',NULL),
(15539,'神舟','','S',NULL),
(16506,'索爱','','S',NULL),
(16538,'索尼','','S',NULL),
(16975,'天语','','T',NULL),
(17193,'外星人','','W',NULL),
(17424,'威图','','W',NULL),
(17440,'微软','','W',NULL),
(18078,'NAMO','','N',NULL),
(18362,'小辣椒','http://img14.360buyimg.com/popshop/g14/M00/09/10/rBEhV1K6uOwIAAAAAAAGxx0kTvQAAHWYwPIloIAAAbf434.png','X',NULL),
(18374,'小米','http://img10.360buyimg.com/popshop/jfs/t7084/169/439244907/4647/724c7958/598042c9N6e4e79e5.jpg','X',NULL),
(20130,'优思','','Y',NULL),
(20710,'长虹','','C',NULL),
(21011,'中兴','http://img13.360buyimg.com/popshop/jfs/t2551/271/1317227522/3284/7419745e/56a855a3Ne38ee719.jpg','Z',NULL),
(21360,'beats','','b',NULL),
(21553,'本易','','B',NULL),
(22261,'tonino lamborghini','','T',NULL),
(22575,'布鲁雅尔','','B',NULL),
(23049,'广信','','G',NULL),
(23130,'夏普','http://img12.360buyimg.com/popshop/jfs/t2458/315/2153417538/12751/2ff4e617/56b15fe9Naae1551d.jpg','X',NULL),
(25376,'马歇尔','','M',NULL),
(25591,'vivo','http://img13.360buyimg.com/popshop/jfs/t2458/318/1092287831/5774/b7b4ff89/563b3484N9ba68e13.jpg','V',NULL),
(27094,'努比亚','http://img14.360buyimg.com/popshop/jfs/t2101/155/882410684/3730/b24b14db/5631cd12N7548352d.jpg','N',NULL),
(27306,'360','http://img10.360buyimg.com/popshop/jfs/t5182/149/2437584670/15334/2e1ebf3/591aa1abN602ebecf.jpg','S',NULL),
(32315,'其他','','Q',NULL),
(36404,'金圣达','','J',NULL),
(36652,'贝尔丰','','B',NULL),
(36654,'大显（DaXian）','','D',NULL),
(36657,'朗界（RugGear）','','L',NULL),
(38125,'SUGAR','','S',NULL),
(38126,'美图（meitu）','http://img14.360buyimg.com/popshop/jfs/t3553/225/1930378991/5787/c2ebdd72/5836e479N88a98abb.jpg','M',NULL),
(38605,'MANN','','M',NULL),
(43644,'21KE','','E',NULL),
(45227,'易百年','','Y',NULL),
(45693,'威途（vertu）','','V',NULL),
(45757,'欧奇（ouki）','','o',NULL),
(49144,'SPIGEN','','S',NULL),
(50450,'亿和源（YHYON）','','Y',NULL),
(51040,'BIHEE','','B',NULL),
(52302,'优购（UooGou）','','Y',NULL),
(53317,'迪美（DIM）','','D',NULL),
(54347,'尼凯恩（neken）','','N',NULL),
(55524,'B&O PLAY','','B',NULL),
(56411,'誉品（YEPEN）','','Y',NULL),
(59110,'诺亚信（NOAIN）','','N',NULL),
(60106,'奥乐迪奥（AoleDior）','','A',NULL),
(63032,'一加','http://img14.360buyimg.com/popshop/jfs/t2398/233/975959106/6263/a786f5b8/563b33ffN9c288c6c.jpg','Y',NULL),
(63833,'雷蛇（Razer）','','L',NULL),
(68927,'詹姆士（GERMY）','','G',NULL),
(89010,'纽曼（Newman）','','N',NULL),
(91515,'锤子（smartisan）','http://img13.360buyimg.com/popshop/jfs/t1954/102/907711365/5487/9f26868f/5631ccdeNe8df5efb.jpg','C',NULL),
(102501,'赛博宇华（SOP）','','S',NULL),
(104490,'谷歌（Google）','','G',NULL),
(109150,'爱贝多（Babyfit）','','A',NULL),
(110303,'万利达（Malata）','','W',NULL),
(113718,'优它（YOTAPHONE）','','Y',NULL),
(114119,'TETC','','T',NULL),
(123856,'炫华（xuanhua）','','X',NULL),
(128080,'托尼洛·兰博基尼（Tonino Lamborghini）','','T',NULL),
(129098,'木糖醇（MuTuCu）','','M',NULL),
(130455,'爱玛（EMMA）','','A',NULL),
(131546,'硕尼姆（Sonim）','','S',NULL),
(133747,'CAT','','C',NULL),
(134922,'ZUK','','Z',NULL),
(135967,'sungee','','S',NULL),
(149070,'AGM','','A',NULL),
(151370,'SOYES','','S',NULL),
(151844,'KODAK','','K',NULL),
(155608,'施耐德（schneider）','','S',NULL),
(159313,'MOQI','','M',NULL),
(174275,'Essentials','','E',NULL),
(178969,'SAMWEI','','S',NULL),
(179105,'小霸王（SUBOR）','','X',NULL),
(179528,'VETAS','','V',NULL),
(179624,'优学派','','Y',NULL),
(180213,'纽曼（Newman）','','N',NULL),
(194213,'DEVIALET','','D',NULL),
(196065,'SHANGPREE','','S',NULL),
(197126,'IMOO','','I',NULL),
(203084,'FNNI','','F',NULL),
(204089,'小格雷','','X',NULL),
(205278,'COTTEE','','C',NULL),
(209178,'YAAO','','Y',NULL),
(214915,'纽曼','','N',NULL),
(219484,'CONQUEST','','C',NULL),
(221149,'铂爵（BIOJUET）','','B',NULL),
(222294,'荣耀','','R',NULL),
(223023,'保千里（PROTRULY）','','B',NULL),
(223199,'Blu','','B',NULL),
(223316,'unruly','','U',NULL),
(225085,'Tonino Lamborghini','','T',NULL),
(228280,'守护宝','','S',NULL),
(233984,'8848','','B',NULL),
(234746,'Gold Elite','','G',NULL),
(238798,'HONOR','','H',NULL),
(240112,'BIXING','','B',NULL),
(246053,'锐族','','R',NULL),
(247149,'国美（GOME）','','G',NULL),
(247652,'中兴健康（ZTE Health）','','Z',NULL),
(248132,'YOSTAR','','Y',NULL),
(249404,'创星','','C',NULL),
(253520,'VERTU','','V',NULL),
(261196,'LBER','','L',NULL),
(261480,'滝风（ION MEDIC）','','L',NULL),
(262180,'梦幻门（MENG HUAN MEN）','','M',NULL),
(262334,'意龍（E&L）','','Y',NULL),
(264451,'艾尼卡（Anica）','','A',NULL),
(265247,'DMZ DAMUZHI','','D',NULL),
(267981,'UNNO','','U',NULL),
(271696,'红鸟','','H',NULL),
(276102,'紐萬（Niuwan）','','N',NULL),
(276381,'Podor','','B',NULL),
(276780,'海语（HAIYU）','','H',NULL),
(278268,'YISON','','Y',NULL),
(278755,'SOAP','','S',NULL),
(279173,'renebelle','','R',NULL),
(280120,'AKESR','','A',NULL),
(280152,'YOTA','','Y',NULL),
(284571,'HOOLFINE','','H',NULL),
(285331,'金柏利','','J',NULL),
(286273,'BLACKPOULO','','B',NULL),
(287292,'SIMPLEWAY','','S',NULL),
(290104,'KaiDC','','K',NULL),
(290682,'奥缇斯（autrise）','','A',NULL),
(302250,'橄榄树（Olive tree）','','G',NULL),
(304654,'HIGE','','H',NULL),
(314866,'360手机','','S',NULL),
(316578,'克里特（kreta）','','k',NULL),
(316596,'HOOLFINE','','H',NULL),
(316618,'RONXS','','R',NULL),
(325396,'飞利浦（PHILIPS）','','P',NULL),
(325398,'比亚兹（ESK）','','B',NULL),
(325399,'亿色(ESR)','','Y',NULL),
(325400,'阿里斯顿',NULL,'A',NULL),
(325402,'ABC',NULL,'A',NULL),
(325403,'ABC',NULL,'A',NULL),
(325404,'开课吧','http://www.kaikeba.com/','H',NULL),
(325405,'开课吧','http://www.baidu.com','C',NULL),
(325406,'开课吧','11','H',NULL),
(325411,'迷你','http://localhost:9101/img/12.jpg','M',NULL),
(325412,'新立','http://localhost:9101/img/11.jpg','X',NULL),
(325413,'我',NULL,'1',NULL),
(325414,'11','','',NULL),
(325415,'','','',NULL),
(325416,'abc','','',NULL),
(325417,'江诗丹顿','','',NULL),
(325418,'江诗丹顿','http://123.png','A',1),
(325419,'江诗丹顿','','',NULL),
(325420,'伯爵','http://1222.png','J',1),
(325421,'江诗丹顿','','',NULL),
(325422,'伯爵','http://1222.png','',NULL),
(325423,'伯爵','http://1222.png','',2),
(325424,'江诗丹顿','http://jiangshidandun.png','j',1),
(325425,'江诗丹顿','http://jianshi.png','J',2);

/*Table structure for table `tb_category` */

DROP TABLE IF EXISTS `tb_category`;

CREATE TABLE `tb_category` (
  `id` int(20) NOT NULL AUTO_INCREMENT COMMENT '分类ID',
  `name` varchar(50) DEFAULT NULL COMMENT '分类名称',
  `goods_num` int(11) DEFAULT '0' COMMENT '商品数量',
  `is_show` char(1) DEFAULT NULL COMMENT '是否显示',
  `is_menu` char(1) DEFAULT NULL COMMENT '是否导航',
  `seq` int(11) DEFAULT NULL COMMENT '排序',
  `parent_id` int(20) DEFAULT NULL COMMENT '上级ID',
  `template_id` int(11) DEFAULT NULL COMMENT '模板ID',
  PRIMARY KEY (`id`),
  KEY `parent_id` (`parent_id`)
) ENGINE=InnoDB AUTO_INCREMENT=1222 DEFAULT CHARSET=utf8 COMMENT='商品类目';

/*Data for the table `tb_category` */

insert  into `tb_category`(`id`,`name`,`goods_num`,`is_show`,`is_menu`,`seq`,`parent_id`,`template_id`) values 
(1,'图书、音像、电子书刊',100,'1','0',1,0,42),
(2,'电子书刊',100,'1','0',1,1,42),
(3,'电子书',100,'1','0',1,2,42),
(4,'网络原创',100,'1','0',1,2,42),
(5,'数字杂志',100,'1','0',1,2,42),
(6,'多媒体图书',100,'1','0',1,2,42),
(7,'音像',100,'1','0',1,1,42),
(8,'音乐',100,'1','0',1,7,42),
(9,'影视',100,'1','0',1,7,42),
(10,'教育音像',100,'1','0',1,7,42),
(11,'英文原版',100,'1','0',1,1,42),
(13,'商务投资',100,'1','0',1,11,42),
(14,'英语学习与考试',100,'1','0',1,11,42),
(16,'传记',100,'1','0',1,11,42),
(18,'文艺',100,'1','0',1,1,42),
(19,'小说',100,'1','0',1,18,42),
(20,'文学',100,'1','0',1,18,42),
(21,'青春文学',100,'1','0',1,18,42),
(22,'传记',100,'1','0',1,18,42),
(23,'艺术',100,'1','0',1,18,42),
(24,'少儿',100,'1','0',1,1,42),
(25,'少儿',100,'1','0',1,24,42),
(26,'0-2岁',100,'1','0',1,24,42),
(27,'3-6岁',100,'1','0',1,24,42),
(28,'7-10岁',100,'1','0',1,24,42),
(29,'11-14岁',100,'1','0',1,24,42),
(30,'人文社科',100,'1','0',1,1,42),
(31,'历史',100,'1','0',1,30,42),
(32,'哲学',100,'1','0',1,30,42),
(33,'国学',100,'1','0',1,30,42),
(34,'政治/军事',100,'1','0',1,30,42),
(35,'法律',100,'1','0',1,30,42),
(36,'宗教',100,'1','0',1,30,42),
(37,'心理学',100,'1','0',1,30,42),
(38,'文化',100,'1','0',1,30,42),
(39,'社会科学',100,'1','0',1,30,42),
(40,'经管励志',100,'1','0',1,1,42),
(41,'经济',100,'1','0',1,40,42),
(42,'金融与投资',100,'1','0',1,40,42),
(43,'管理',100,'1','0',1,40,42),
(44,'励志与成功',100,'1','0',1,40,42),
(45,'生活',100,'1','0',1,1,42),
(46,'生活',100,'1','0',1,45,42),
(47,'健身与保健',100,'1','0',1,45,42),
(48,'家庭与育儿',100,'1','0',1,45,42),
(49,'旅游',100,'1','0',1,45,42),
(50,'动漫/幽默',100,'1','0',1,45,42),
(51,'科技',100,'1','0',1,1,42),
(52,'科技',100,'1','0',1,51,42),
(53,'工程',100,'1','0',1,51,42),
(54,'建筑',100,'1','0',1,51,42),
(55,'医学',100,'1','0',1,51,42),
(56,'科学与自然',100,'1','0',1,51,42),
(57,'计算机与互联网',100,'1','0',1,51,42),
(58,'体育/运动',100,'1','0',1,51,42),
(59,'教育',100,'1','0',1,1,42),
(60,'教材教辅',100,'1','0',1,59,42),
(61,'教育与考试',100,'1','0',1,59,42),
(62,'外语学习',100,'1','0',1,59,42),
(64,'语言文字',100,'1','0',1,59,42),
(65,'港台图书',100,'1','0',1,1,42),
(66,'艺术/设计/收藏',100,'1','0',1,65,42),
(67,'经济管理',100,'1','0',1,65,42),
(68,'文化/学术',100,'1','0',1,65,42),
(69,'少儿文学/国学',100,'1','0',1,65,42),
(70,'其它',100,'0','0',1,1,42),
(71,'工具书',100,'0','0',1,70,42),
(72,'影印版',100,'0','0',1,70,42),
(73,'套装书',100,'0','0',1,70,42),
(74,'家用电器',100,'1','0',1,0,42),
(75,'大家电',100,'1','0',1,74,42),
(76,'平板电视',100,'1','0',1,75,43),
(77,'空调',100,'1','0',1,75,42),
(78,'冰箱',100,'1','0',1,75,42),
(79,'洗衣机',100,'1','0',1,75,42),
(80,'家庭影院',100,'1','0',1,75,42),
(81,'DVD播放机',100,'1','0',1,75,42),
(82,'迷你音响',100,'1','0',1,75,42),
(83,'烟机/灶具',100,'1','0',1,75,42),
(84,'热水器',100,'1','0',1,75,42),
(85,'消毒柜/洗碗机',100,'1','0',1,75,42),
(86,'酒柜/冰吧/冷柜',100,'1','0',1,75,42),
(87,'家电配件',100,'1','0',1,75,42),
(88,'家电下乡',100,'1','0',1,75,42),
(89,'生活电器',100,'1','0',1,74,42),
(90,'电风扇',100,'1','0',1,89,42),
(91,'冷风扇',100,'1','0',1,89,42),
(92,'净化器',100,'1','0',1,89,42),
(93,'饮水机',100,'1','0',1,89,42),
(94,'净水设备',100,'1','0',1,89,42),
(95,'挂烫机/熨斗',100,'1','0',1,89,42),
(96,'吸尘器',100,'1','0',1,89,42),
(97,'电话机',100,'1','0',1,89,42),
(98,'插座',100,'1','0',1,89,42),
(99,'收录/音机',100,'1','0',1,89,42),
(100,'清洁机',100,'1','0',1,89,42),
(101,'加湿器',100,'1','0',1,89,42),
(102,'除湿机',100,'1','0',1,89,42),
(103,'取暖电器',100,'1','0',1,89,42),
(104,'其它生活电器',100,'1','0',1,89,42),
(105,'扫地机器人',100,'1','0',1,89,42),
(106,'干衣机',100,'1','0',1,89,42),
(107,'生活电器配件',100,'1','0',1,89,42),
(108,'厨房电器',100,'1','0',1,74,42),
(109,'料理/榨汁机',100,'1','0',1,108,42),
(110,'豆浆机',100,'1','0',1,108,42),
(111,'电饭煲',100,'1','0',1,108,42),
(112,'电压力锅',100,'1','0',1,108,42),
(113,'面包机',100,'1','0',1,108,42),
(114,'咖啡机',100,'1','0',1,108,42),
(115,'微波炉',100,'1','0',1,108,42),
(116,'电烤箱',100,'1','0',1,108,42),
(117,'电磁炉',100,'1','0',1,108,42),
(118,'电饼铛/烧烤盘',100,'1','0',1,108,42),
(119,'煮蛋器',100,'1','0',1,108,42),
(120,'酸奶机',100,'1','0',1,108,42),
(121,'电炖锅',100,'1','0',1,108,42),
(122,'电水壶/热水瓶',100,'1','0',1,108,42),
(123,'多用途锅',100,'1','0',1,108,42),
(124,'果蔬解毒机',100,'1','0',1,108,42),
(125,'其它厨房电器',100,'1','0',1,108,42),
(126,'个护健康',100,'1','0',1,74,42),
(127,'剃须刀',100,'1','0',1,126,42),
(128,'剃/脱毛器',100,'1','0',1,126,42),
(129,'口腔护理',100,'1','0',1,126,42),
(130,'电吹风',100,'1','0',1,126,42),
(131,'美容器',100,'1','0',1,126,42),
(132,'美发器',100,'1','0',1,126,42),
(133,'按摩椅',100,'1','0',1,126,42),
(134,'按摩器',100,'1','0',1,126,42),
(135,'足浴盆',100,'1','0',1,126,42),
(136,'血压计',100,'1','0',1,126,42),
(137,'健康秤/厨房秤',100,'1','0',1,126,42),
(138,'血糖仪',100,'1','0',1,126,42),
(139,'体温计',100,'1','0',1,126,42),
(140,'计步器/脂肪检测仪',100,'1','0',1,126,42),
(141,'其它健康电器',100,'1','0',1,126,42),
(142,'五金家装',100,'1','0',1,74,42),
(143,'电动工具',100,'1','0',1,142,42),
(144,'手动工具',100,'1','0',1,142,42),
(145,'仪器仪表',100,'1','0',1,142,42),
(146,'浴霸/排气扇',100,'1','0',1,142,42),
(147,'灯具',100,'1','0',1,142,42),
(148,'LED灯',100,'1','0',1,142,42),
(149,'洁身器',100,'1','0',1,142,42),
(150,'水槽',100,'1','0',1,142,42),
(151,'龙头',100,'1','0',1,142,42),
(152,'淋浴花洒',100,'1','0',1,142,42),
(153,'厨卫五金',100,'1','0',1,142,42),
(154,'家具五金',100,'1','0',1,142,42),
(155,'门铃',100,'1','0',1,142,42),
(156,'电气开关',100,'1','0',1,142,42),
(157,'插座',100,'1','0',1,142,42),
(158,'电工电料',100,'1','0',1,142,42),
(159,'监控安防',100,'1','0',1,142,42),
(160,'电线线缆',100,'1','0',1,142,42),
(161,'电脑、办公',100,'1','0',1,0,42),
(162,'电脑整机',100,'1','0',1,161,42),
(163,'笔记本',100,'1','0',1,162,42),
(164,'超极本',100,'1','0',1,162,42),
(165,'游戏本',100,'1','0',1,162,42),
(166,'平板电脑',100,'1','0',1,162,42),
(167,'平板电脑配件',100,'1','0',1,162,42),
(168,'台式机',100,'1','0',1,162,42),
(169,'服务器/工作站',100,'1','0',1,162,42),
(170,'笔记本配件',100,'1','0',1,162,42),
(171,'电脑配件',100,'1','0',1,161,42),
(172,'CPU',100,'1','0',1,171,42),
(173,'主板',100,'1','0',1,171,42),
(174,'显卡',100,'1','0',1,171,42),
(175,'硬盘',100,'1','0',1,171,42),
(176,'SSD固态硬盘',100,'1','0',1,171,42),
(177,'内存',100,'1','0',1,171,42),
(178,'机箱',100,'1','0',1,171,42),
(179,'电源',100,'1','0',1,171,42),
(180,'显示器',100,'1','0',1,171,42),
(181,'刻录机/光驱',100,'1','0',1,171,42),
(182,'散热器',100,'1','0',1,171,42),
(183,'声卡/扩展卡',100,'1','0',1,171,42),
(184,'装机配件',100,'1','0',1,171,42),
(185,'组装电脑',100,'1','0',1,171,42),
(186,'外设产品',100,'1','0',1,161,42),
(187,'移动硬盘',100,'1','0',1,186,42),
(188,'U盘',100,'1','0',1,186,42),
(189,'鼠标',100,'1','0',1,186,42),
(190,'键盘',100,'1','0',1,186,42),
(191,'鼠标垫',100,'1','0',1,186,42),
(192,'摄像头',100,'1','0',1,186,42),
(193,'手写板',100,'1','0',1,186,42),
(194,'外置盒',100,'1','0',1,186,42),
(195,'插座',100,'1','0',1,186,42),
(196,'线缆',100,'1','0',1,186,42),
(197,'UPS电源',100,'1','0',1,186,42),
(198,'电脑工具',100,'1','0',1,186,42),
(199,'游戏设备',100,'1','0',1,186,42),
(200,'电玩',100,'1','0',1,186,42),
(201,'电脑清洁',100,'1','0',1,186,42),
(202,'网络产品',100,'1','0',1,161,42),
(203,'路由器',100,'1','0',1,202,42),
(204,'网卡',100,'1','0',1,202,42),
(205,'交换机',100,'1','0',1,202,42),
(206,'网络存储',100,'1','0',1,202,42),
(207,'4G/3G上网',100,'1','0',1,202,42),
(208,'网络盒子',100,'1','0',1,202,42),
(209,'网络配件',100,'1','0',1,202,42),
(210,'办公设备',100,'1','0',1,161,42),
(211,'投影机',100,'1','0',1,210,42),
(212,'投影配件',100,'1','0',1,210,42),
(213,'多功能一体机',100,'1','0',1,210,42),
(214,'打印机',100,'1','0',1,210,42),
(215,'传真设备',100,'1','0',1,210,42),
(216,'验钞/点钞机',100,'1','0',1,210,42),
(217,'扫描设备',100,'1','0',1,210,42),
(218,'复合机',100,'1','0',1,210,42),
(219,'碎纸机',100,'1','0',1,210,42),
(220,'考勤机',100,'1','0',1,210,42),
(221,'墨粉',100,'1','0',1,210,42),
(222,'收款/POS机',100,'1','0',1,210,42),
(223,'会议音频视频',100,'1','0',1,210,42),
(224,'保险柜',100,'1','0',1,210,42),
(225,'装订/封装机',100,'1','0',1,210,42),
(226,'安防监控',100,'1','0',1,210,42),
(227,'办公家具',100,'1','0',1,210,42),
(228,'白板',100,'1','0',1,210,42),
(229,'文具/耗材',100,'1','0',1,161,42),
(230,'硒鼓/墨粉',100,'1','0',1,229,42),
(231,'墨盒',100,'1','0',1,229,42),
(232,'色带',100,'1','0',1,229,42),
(233,'纸类',100,'1','0',1,229,42),
(234,'办公文具',100,'1','0',1,229,42),
(235,'学生文具',100,'1','0',1,229,42),
(236,'文件管理',100,'1','0',1,229,42),
(237,'财会用品',100,'1','0',1,229,42),
(238,'本册/便签',100,'1','0',1,229,42),
(239,'计算器',100,'1','0',1,229,42),
(240,'激光笔',100,'1','0',1,229,42),
(241,'笔类',100,'1','0',1,229,42),
(242,'画具画材',100,'1','0',1,229,42),
(243,'刻录碟片/附件',100,'1','0',1,229,42),
(244,'服务产品',100,'1','0',1,161,42),
(245,'上门服务',100,'1','0',1,244,42),
(246,'远程服务',100,'1','0',1,244,42),
(247,'电脑软件',100,'1','0',1,244,42),
(248,'京东服务',100,'1','0',1,244,42),
(249,'个护化妆',100,'1','0',1,0,42),
(250,'面部护肤',100,'1','0',1,249,42),
(251,'清洁',100,'1','0',1,250,42),
(252,'护肤',100,'1','0',1,250,42),
(253,'面膜',100,'1','0',1,250,42),
(254,'剃须',100,'1','0',1,250,42),
(255,'套装',100,'1','0',1,250,42),
(256,'身体护肤',100,'1','0',1,249,42),
(257,'沐浴',100,'1','0',1,256,42),
(258,'润肤',100,'1','0',1,256,42),
(259,'颈部',100,'1','0',1,256,42),
(260,'手足',100,'1','0',1,256,42),
(261,'纤体塑形',100,'1','0',1,256,42),
(262,'美胸',100,'1','0',1,256,42),
(263,'套装',100,'1','0',1,256,42),
(264,'口腔护理',100,'1','0',1,249,42),
(265,'牙膏/牙粉',100,'1','0',1,264,42),
(266,'牙刷/牙线',100,'1','0',1,264,42),
(267,'漱口水',100,'1','0',1,264,42),
(268,'套装',100,'1','0',1,264,42),
(269,'女性护理',100,'1','0',1,249,42),
(270,'卫生巾',100,'1','0',1,269,42),
(271,'卫生护垫',100,'1','0',1,269,42),
(272,'私密护理',100,'1','0',1,269,42),
(273,'脱毛膏',100,'1','0',1,269,42),
(274,'洗发护发',100,'1','0',1,249,42),
(275,'洗发',100,'1','0',1,274,42),
(276,'护发',100,'1','0',1,274,42),
(277,'染发',100,'1','0',1,274,42),
(278,'造型',100,'1','0',1,274,42),
(279,'假发',100,'1','0',1,274,42),
(280,'套装',100,'1','0',1,274,42),
(281,'香水彩妆',100,'1','0',1,249,42),
(282,'香水',100,'1','0',1,281,42),
(283,'底妆',100,'1','0',1,281,42),
(284,'腮红',100,'1','0',1,281,42),
(285,'眼部',100,'1','0',1,281,42),
(286,'唇部',100,'1','0',1,281,42),
(287,'美甲',100,'1','0',1,281,42),
(288,'美容工具',100,'1','0',1,281,42),
(289,'套装',100,'1','0',1,281,42),
(290,'钟表',100,'1','0',1,0,42),
(291,'钟表',100,'1','0',0,290,42),
(292,'男表',100,'1','0',1,291,42),
(293,'女表',100,'1','0',1,291,42),
(294,'儿童手表',100,'1','0',1,291,42),
(295,'座钟挂钟',100,'1','0',1,291,42),
(296,'母婴',100,'1','0',1,0,42),
(297,'奶粉',100,'1','0',1,296,42),
(298,'婴幼奶粉',100,'1','0',1,297,42),
(299,'成人奶粉',100,'1','0',1,297,42),
(300,'营养辅食',100,'1','0',1,296,42),
(301,'益生菌/初乳',100,'1','0',1,300,42),
(302,'米粉/菜粉',100,'1','0',1,300,42),
(303,'果泥/果汁',100,'1','0',1,300,42),
(304,'DHA',100,'1','0',1,300,42),
(305,'宝宝零食',100,'1','0',1,300,42),
(306,'钙铁锌/维生素',100,'1','0',1,300,42),
(307,'清火/开胃',100,'1','0',1,300,42),
(308,'面条/粥',100,'1','0',1,300,42),
(309,'尿裤湿巾',100,'1','0',1,296,42),
(310,'婴儿尿裤',100,'1','0',1,309,42),
(311,'拉拉裤',100,'1','0',1,309,42),
(312,'湿巾',100,'1','0',1,309,42),
(313,'成人尿裤',100,'1','0',1,309,42),
(314,'喂养用品',100,'1','0',1,296,42),
(315,'奶瓶奶嘴',100,'1','0',1,314,42),
(316,'吸奶器',100,'1','0',1,314,42),
(317,'暖奶消毒',100,'1','0',1,314,42),
(318,'碗盘叉勺',100,'1','0',1,314,42),
(319,'水壶/水杯',100,'1','0',1,314,42),
(320,'牙胶安抚',100,'1','0',1,314,42),
(321,'辅食料理机',100,'1','0',1,314,42),
(322,'洗护用品',100,'1','0',1,296,42),
(323,'宝宝护肤',100,'1','0',1,322,42),
(324,'宝宝洗浴',100,'1','0',1,322,42),
(325,'奶瓶清洗',100,'1','0',1,322,42),
(326,'驱蚊防蚊',100,'1','0',1,322,42),
(327,'理发器',100,'1','0',1,322,42),
(328,'洗衣液/皂',100,'1','0',1,322,42),
(329,'日常护理',100,'1','0',1,322,42),
(330,'座便器',100,'1','0',1,322,42),
(331,'童车童床',100,'1','0',1,296,42),
(332,'婴儿推车',100,'1','0',1,331,42),
(333,'餐椅摇椅',100,'1','0',1,331,42),
(334,'婴儿床',100,'1','0',1,331,42),
(335,'学步车',100,'1','0',1,331,42),
(336,'三轮车',100,'1','0',1,331,42),
(337,'自行车',100,'1','0',1,331,42),
(338,'电动车',100,'1','0',1,331,42),
(339,'扭扭车',100,'1','0',1,331,42),
(340,'滑板车',100,'1','0',1,331,42),
(341,'寝居服饰',100,'1','0',1,296,42),
(342,'婴儿外出服',100,'1','0',1,341,42),
(343,'婴儿内衣',100,'1','0',1,341,42),
(344,'婴儿礼盒',100,'1','0',1,341,42),
(345,'婴儿鞋帽袜',100,'1','0',1,341,42),
(346,'安全防护',100,'1','0',1,341,42),
(347,'家居床品',100,'1','0',1,341,42),
(348,'妈妈专区',100,'1','0',1,296,42),
(349,'妈咪包/背婴带',100,'1','0',1,348,42),
(350,'产后塑身',100,'1','0',1,348,42),
(351,'文胸/内裤',100,'1','0',1,348,42),
(352,'防辐射服',100,'1','0',1,348,42),
(353,'孕妇装',100,'1','0',1,348,42),
(354,'孕期营养',100,'1','0',1,348,42),
(355,'孕妈美容',100,'1','0',1,348,42),
(356,'待产/新生',100,'1','0',1,348,42),
(357,'月子装',100,'1','0',1,348,42),
(358,'童装童鞋',100,'1','0',1,296,42),
(359,'套装',100,'1','0',1,358,42),
(360,'上衣',100,'1','0',1,358,42),
(361,'裤子',100,'1','0',1,358,42),
(362,'裙子',100,'1','0',1,358,42),
(363,'内衣/家居服',100,'1','0',1,358,42),
(364,'羽绒服/棉服',100,'1','0',1,358,42),
(365,'亲子装',100,'1','0',1,358,42),
(366,'儿童配饰',100,'1','0',1,358,42),
(367,'礼服/演出服',100,'1','0',1,358,42),
(368,'运动鞋',100,'1','0',1,358,42),
(369,'皮鞋/帆布鞋',100,'1','0',1,358,42),
(370,'靴子',100,'1','0',1,358,42),
(371,'凉鞋',100,'1','0',1,358,42),
(372,'功能鞋',100,'1','0',1,358,42),
(373,'户外/运动服',100,'1','0',1,358,42),
(374,'安全座椅',100,'1','0',1,296,42),
(375,'提篮式',100,'1','0',1,374,42),
(376,'安全座椅',100,'1','0',1,374,42),
(377,'增高垫',100,'1','0',1,374,42),
(378,'食品饮料、保健食品',100,'1','0',1,0,42),
(379,'进口食品',100,'1','0',1,378,42),
(380,'饼干蛋糕',100,'1','0',1,379,42),
(381,'糖果/巧克力',100,'1','0',1,379,42),
(382,'休闲零食',100,'1','0',1,379,42),
(383,'冲调饮品',100,'1','0',1,379,42),
(384,'粮油调味',100,'1','0',1,379,42),
(385,'牛奶',100,'1','0',1,379,42),
(386,'地方特产',100,'1','0',1,378,42),
(387,'其他特产',100,'1','0',1,386,42),
(388,'新疆',100,'1','0',1,386,42),
(389,'北京',100,'1','0',1,386,42),
(390,'山西',100,'1','0',1,386,42),
(391,'内蒙古',100,'1','0',1,386,42),
(392,'福建',100,'1','0',1,386,42),
(393,'湖南',100,'1','0',1,386,42),
(394,'四川',100,'1','0',1,386,42),
(395,'云南',100,'1','0',1,386,42),
(396,'东北',100,'1','0',1,386,42),
(397,'休闲食品',100,'1','0',1,378,42),
(398,'休闲零食',100,'1','0',1,397,42),
(399,'坚果炒货',100,'1','0',1,397,42),
(400,'肉干肉脯',100,'1','0',1,397,42),
(401,'蜜饯果干',100,'1','0',1,397,42),
(402,'糖果/巧克力',100,'1','0',1,397,42),
(403,'饼干蛋糕',100,'1','0',1,397,42),
(404,'无糖食品',100,'1','0',1,397,42),
(405,'粮油调味',100,'1','0',1,378,42),
(406,'米面杂粮',100,'1','0',1,405,42),
(407,'食用油',100,'1','0',1,405,42),
(408,'调味品',100,'1','0',1,405,42),
(409,'南北干货',100,'1','0',1,405,42),
(410,'方便食品',100,'1','0',1,405,42),
(411,'有机食品',100,'1','0',1,405,42),
(412,'饮料冲调',100,'1','0',1,378,42),
(413,'饮用水',100,'1','0',1,412,42),
(414,'饮料',100,'1','0',1,412,42),
(415,'牛奶乳品',100,'1','0',1,412,42),
(416,'咖啡/奶茶',100,'1','0',1,412,42),
(417,'冲饮谷物',100,'1','0',1,412,42),
(418,'蜂蜜/柚子茶',100,'1','0',1,412,42),
(419,'成人奶粉',100,'1','0',1,412,42),
(420,'食品礼券',100,'1','0',1,378,42),
(421,'月饼',100,'1','0',1,420,42),
(422,'大闸蟹',100,'1','0',1,420,42),
(423,'粽子',100,'1','0',1,420,42),
(424,'卡券',100,'1','0',1,420,42),
(425,'茗茶',100,'1','0',1,378,42),
(426,'铁观音',100,'1','0',1,425,42),
(427,'普洱',100,'1','0',1,425,42),
(428,'龙井',100,'1','0',1,425,42),
(429,'绿茶',100,'1','0',1,425,42),
(430,'红茶',100,'1','0',1,425,42),
(431,'乌龙茶',100,'1','0',1,425,42),
(432,'花草茶',100,'1','0',1,425,42),
(433,'花果茶',100,'1','0',1,425,42),
(434,'养生茶',100,'1','0',1,425,42),
(435,'黑茶',100,'1','0',1,425,42),
(436,'白茶',100,'1','0',1,425,42),
(437,'其它茶',100,'1','0',1,425,42),
(438,'汽车用品',100,'1','0',1,0,42),
(439,'维修保养',100,'1','0',1,438,42),
(440,'润滑油',100,'1','0',1,439,42),
(441,'添加剂',100,'1','0',1,439,42),
(442,'防冻液',100,'1','0',1,439,42),
(443,'滤清器',100,'1','0',1,439,42),
(444,'火花塞',100,'1','0',1,439,42),
(445,'雨刷',100,'1','0',1,439,42),
(446,'车灯',100,'1','0',1,439,42),
(447,'后视镜',100,'1','0',1,439,42),
(448,'轮胎',100,'1','0',1,439,42),
(449,'轮毂',100,'1','0',1,439,42),
(450,'刹车片/盘',100,'1','0',1,439,42),
(451,'喇叭/皮带',100,'1','0',1,439,42),
(452,'蓄电池',100,'1','0',1,439,42),
(453,'底盘装甲/护板',100,'1','0',1,439,42),
(454,'贴膜',100,'1','0',1,439,42),
(455,'汽修工具',100,'1','0',1,439,42),
(456,'车载电器',100,'1','0',1,438,42),
(457,'导航仪',100,'1','0',1,456,42),
(458,'安全预警仪',100,'1','0',1,456,42),
(459,'行车记录仪',100,'1','0',1,456,42),
(460,'倒车雷达',100,'1','0',1,456,42),
(461,'蓝牙设备',100,'1','0',1,456,42),
(462,'时尚影音',100,'1','0',1,456,42),
(463,'净化器',100,'1','0',1,456,42),
(464,'电源',100,'1','0',1,456,42),
(465,'冰箱',100,'1','0',1,456,42),
(466,'吸尘器',100,'1','0',1,456,42),
(467,'美容清洗',100,'1','0',1,438,42),
(468,'车蜡',100,'1','0',1,467,42),
(469,'补漆笔',100,'1','0',1,467,42),
(470,'玻璃水',100,'1','0',1,467,42),
(471,'清洁剂',100,'1','0',1,467,42),
(472,'洗车工具',100,'1','0',1,467,42),
(473,'洗车配件',100,'1','0',1,467,42),
(474,'汽车装饰',100,'1','0',1,438,42),
(475,'脚垫',100,'1','0',1,474,42),
(476,'座垫',100,'1','0',1,474,42),
(477,'座套',100,'1','0',1,474,42),
(478,'后备箱垫',100,'1','0',1,474,42),
(479,'头枕腰靠',100,'1','0',1,474,42),
(480,'香水',100,'1','0',1,474,42),
(481,'空气净化',100,'1','0',1,474,42),
(482,'车内饰品',100,'1','0',1,474,42),
(483,'功能小件',100,'1','0',1,474,42),
(484,'车身装饰件',100,'1','0',1,474,42),
(485,'车衣',100,'1','0',1,474,42),
(486,'安全自驾',100,'1','0',1,438,42),
(487,'安全座椅',100,'1','0',1,486,42),
(488,'胎压充气',100,'1','0',1,486,42),
(489,'防盗设备',100,'1','0',1,486,42),
(490,'应急救援',100,'1','0',1,486,42),
(491,'保温箱',100,'1','0',1,486,42),
(492,'储物箱',100,'1','0',1,486,42),
(493,'自驾野营',100,'1','0',1,486,42),
(494,'摩托车装备',100,'1','0',1,486,42),
(495,'玩具乐器',100,'1','0',1,0,42),
(496,'适用年龄',100,'1','0',1,495,42),
(497,'0-6个月',100,'1','0',1,496,42),
(498,'6-12个月',100,'1','0',1,496,42),
(499,'1-3岁',100,'1','0',1,496,42),
(500,'3-6岁',100,'1','0',1,496,42),
(501,'6-14岁',100,'1','0',1,496,42),
(502,'14岁以上',100,'1','0',1,496,42),
(503,'遥控/电动',100,'1','0',1,495,42),
(504,'遥控车',100,'1','0',1,503,42),
(505,'遥控飞机',100,'1','0',1,503,42),
(506,'遥控船',100,'1','0',1,503,42),
(507,'机器人/电动',100,'1','0',1,503,42),
(508,'轨道/助力',100,'1','0',1,503,42),
(509,'毛绒布艺',100,'1','0',1,495,42),
(510,'毛绒/布艺',100,'1','0',1,509,42),
(511,'靠垫/抱枕',100,'1','0',1,509,42),
(512,'娃娃玩具',100,'1','0',1,495,42),
(513,'芭比娃娃',100,'1','0',1,512,42),
(514,'卡通娃娃',100,'1','0',1,512,42),
(515,'智能娃娃',100,'1','0',1,512,42),
(516,'模型玩具',100,'1','0',1,495,42),
(517,'仿真模型',100,'1','0',1,516,42),
(518,'拼插模型',100,'1','0',1,516,42),
(519,'收藏爱好',100,'1','0',1,516,42),
(520,'健身玩具',100,'1','0',1,495,42),
(521,'炫舞毯',100,'1','0',1,520,42),
(522,'爬行垫/毯',100,'1','0',1,520,42),
(523,'户外玩具',100,'1','0',1,520,42),
(524,'戏水玩具',100,'1','0',1,520,42),
(525,'动漫玩具',100,'1','0',1,495,42),
(526,'电影周边',100,'1','0',1,525,42),
(527,'卡通周边',100,'1','0',1,525,42),
(528,'网游周边',100,'1','0',1,525,42),
(529,'益智玩具',100,'1','0',1,495,42),
(530,'摇铃/床铃',100,'1','0',1,529,42),
(531,'健身架',100,'1','0',1,529,42),
(532,'早教启智',100,'1','0',1,529,42),
(533,'拖拉玩具',100,'1','0',1,529,42),
(534,'积木拼插',100,'1','0',1,495,42),
(535,'积木',100,'1','0',1,534,42),
(536,'拼图',100,'1','0',1,534,42),
(537,'磁力棒',100,'1','0',1,534,42),
(538,'立体拼插',100,'1','0',1,534,42),
(539,'DIY玩具',100,'1','0',1,495,42),
(540,'手工彩泥',100,'1','0',1,539,42),
(541,'绘画工具',100,'1','0',1,539,42),
(542,'情景玩具',100,'1','0',1,539,42),
(543,'创意减压',100,'1','0',1,495,42),
(544,'减压玩具',100,'1','0',1,543,42),
(545,'创意玩具',100,'1','0',1,543,42),
(546,'乐器相关',100,'1','0',1,495,42),
(547,'钢琴',100,'1','0',1,546,42),
(548,'电子琴',100,'1','0',1,546,42),
(549,'手风琴',100,'1','0',1,546,42),
(550,'吉他/贝斯',100,'1','0',1,546,42),
(551,'民族管弦乐器',100,'1','0',1,546,42),
(552,'西洋管弦乐',100,'1','0',1,546,42),
(553,'口琴/口风琴/竖笛',100,'1','0',1,546,42),
(554,'西洋打击乐器',100,'1','0',1,546,42),
(555,'各式乐器配件',100,'1','0',1,546,42),
(556,'电脑音乐',100,'1','0',1,546,42),
(557,'工艺礼品乐器',100,'1','0',1,546,42),
(558,'手机',100,'1','0',1,0,42),
(559,'手机通讯',100,'1','0',1,558,42),
(560,'手机',100,'1','0',1,559,42),
(561,'对讲机',100,'1','0',1,559,42),
(562,'运营商',100,'1','0',1,558,42),
(563,'购机送费',100,'1','0',1,562,42),
(564,'“0”元购机',100,'1','0',1,562,42),
(565,'选号中心',100,'1','0',1,562,42),
(566,'选号入网',100,'1','0',1,562,42),
(567,'手机配件',100,'1','0',1,558,42),
(568,'手机电池',100,'1','0',1,567,42),
(569,'蓝牙耳机',100,'1','0',1,567,42),
(570,'充电器/数据线',100,'1','0',1,567,42),
(571,'手机耳机',100,'1','0',1,567,42),
(572,'手机贴膜',100,'1','0',1,567,42),
(573,'手机存储卡',100,'1','0',1,567,42),
(574,'手机保护套',100,'1','0',1,567,42),
(575,'车载配件',100,'1','0',1,567,42),
(576,'iPhone 配件',100,'1','0',1,567,42),
(577,'创意配件',100,'1','0',1,567,42),
(578,'便携/无线音响',100,'1','0',1,567,42),
(579,'手机饰品',100,'1','0',1,567,42),
(580,'数码',100,'1','0',1,0,43),
(581,'摄影摄像',100,'1','0',1,580,42),
(582,'数码相机',100,'1','0',1,581,42),
(583,'单电/微单相机',100,'1','0',1,581,42),
(584,'单反相机',100,'1','0',1,581,42),
(585,'摄像机',100,'1','0',1,581,42),
(586,'拍立得',100,'1','0',1,581,42),
(587,'运动相机',100,'1','0',1,581,42),
(588,'镜头',100,'1','0',1,581,42),
(589,'户外器材',100,'1','0',1,581,42),
(590,'影棚器材',100,'1','0',1,581,42),
(591,'数码配件',100,'1','0',1,580,42),
(592,'存储卡',100,'1','0',1,591,42),
(593,'读卡器',100,'1','0',1,591,42),
(594,'滤镜',100,'1','0',1,591,42),
(595,'闪光灯/手柄',100,'1','0',1,591,42),
(596,'相机包',100,'1','0',1,591,42),
(597,'三脚架/云台',100,'1','0',1,591,42),
(598,'相机清洁',100,'1','0',1,591,42),
(599,'相机贴膜',100,'1','0',1,591,42),
(600,'机身附件',100,'1','0',1,591,42),
(601,'镜头附件',100,'1','0',1,591,42),
(602,'电池/充电器',100,'1','0',1,591,42),
(603,'移动电源',100,'1','0',1,591,42),
(604,'智能设备',100,'1','0',1,580,42),
(605,'智能手环',100,'1','0',1,604,42),
(606,'智能手表',100,'1','0',1,604,42),
(607,'智能眼镜',100,'1','0',1,604,42),
(608,'运动跟踪器',100,'1','0',1,604,42),
(609,'健康监测',100,'1','0',1,604,42),
(610,'智能配饰',100,'1','0',1,604,42),
(611,'智能家居',100,'1','0',1,604,42),
(612,'体感车',100,'1','0',1,604,42),
(613,'其他配件',100,'1','0',1,604,42),
(614,'时尚影音',100,'1','0',1,580,42),
(615,'MP3/MP4',100,'1','0',1,614,42),
(616,'智能设备',100,'1','0',1,614,42),
(617,'耳机/耳麦',100,'1','0',1,614,42),
(618,'音箱',100,'1','0',1,614,42),
(619,'高清播放器',100,'1','0',1,614,42),
(620,'MP3/MP4配件',100,'1','0',1,614,42),
(621,'麦克风',100,'1','0',1,614,42),
(622,'专业音频',100,'1','0',1,614,42),
(623,'数码相框',100,'1','0',1,614,42),
(624,'苹果配件',100,'1','0',1,614,42),
(625,'电子教育',100,'1','0',1,580,42),
(626,'电子词典',100,'1','0',1,625,42),
(627,'电纸书',100,'1','0',1,625,42),
(628,'录音笔',100,'1','0',1,625,42),
(629,'复读机',100,'1','0',1,625,42),
(630,'点读机/笔',100,'1','0',1,625,42),
(631,'学生平板',100,'1','0',1,625,42),
(632,'早教机',100,'1','0',1,625,42),
(633,'家居家装',100,'1','0',1,0,42),
(634,'家纺',100,'1','0',1,633,42),
(635,'床品套件',100,'1','0',1,634,42),
(636,'被子',100,'1','0',1,634,42),
(637,'枕芯',100,'1','0',1,634,42),
(638,'床单被罩',100,'1','0',1,634,42),
(639,'毯子',100,'1','0',1,634,42),
(640,'床垫/床褥',100,'1','0',1,634,42),
(641,'蚊帐',100,'1','0',1,634,42),
(642,'抱枕靠垫',100,'1','0',1,634,42),
(643,'毛巾浴巾',100,'1','0',1,634,42),
(644,'电热毯',100,'1','0',1,634,42),
(645,'窗帘/窗纱',100,'1','0',1,634,42),
(646,'布艺软饰',100,'1','0',1,634,42),
(647,'凉席',100,'1','0',1,634,42),
(648,'灯具',100,'1','0',1,633,42),
(649,'台灯',100,'1','0',1,648,42),
(650,'节能灯',100,'1','0',1,648,42),
(651,'装饰灯',100,'1','0',1,648,42),
(652,'落地灯',100,'1','0',1,648,42),
(653,'应急灯/手电',100,'1','0',1,648,42),
(654,'LED灯',100,'1','0',1,648,42),
(655,'吸顶灯',100,'1','0',1,648,42),
(656,'五金电器',100,'1','0',1,648,42),
(657,'筒灯射灯',100,'1','0',1,648,42),
(658,'吊灯',100,'1','0',1,648,42),
(659,'氛围照明',100,'1','0',1,648,42),
(660,'生活日用',100,'1','0',1,633,42),
(661,'收纳用品',100,'1','0',1,660,42),
(662,'雨伞雨具',100,'1','0',1,660,42),
(663,'浴室用品',100,'1','0',1,660,42),
(664,'缝纫/针织用品',100,'1','0',1,660,42),
(665,'洗晒/熨烫',100,'1','0',1,660,42),
(666,'净化除味',100,'1','0',1,660,42),
(667,'家装软饰',100,'1','0',1,633,42),
(668,'桌布/罩件',100,'1','0',1,667,42),
(669,'地毯地垫',100,'1','0',1,667,42),
(670,'沙发垫套/椅垫',100,'1','0',1,667,42),
(671,'相框/照片墙',100,'1','0',1,667,42),
(672,'装饰字画',100,'1','0',1,667,42),
(673,'节庆饰品',100,'1','0',1,667,42),
(674,'手工/十字绣',100,'1','0',1,667,42),
(675,'装饰摆件',100,'1','0',1,667,42),
(676,'保暖防护',100,'1','0',1,667,42),
(677,'帘艺隔断',100,'1','0',1,667,42),
(678,'墙贴/装饰贴',100,'1','0',1,667,42),
(679,'钟饰',100,'1','0',1,667,42),
(680,'花瓶花艺',100,'1','0',1,667,42),
(681,'香薰蜡烛',100,'1','0',1,667,42),
(682,'创意家居',100,'1','0',1,667,42),
(683,'清洁用品',100,'1','0',1,633,42),
(684,'纸品湿巾',100,'1','0',1,683,42),
(685,'衣物清洁',100,'1','0',1,683,42),
(686,'清洁工具',100,'1','0',1,683,42),
(687,'驱虫用品',100,'1','0',1,683,42),
(688,'家庭清洁',100,'1','0',1,683,42),
(689,'皮具护理',100,'1','0',1,683,42),
(690,'一次性用品',100,'1','0',1,683,42),
(691,'宠物生活',100,'1','0',1,633,42),
(692,'宠物主粮',100,'1','0',1,691,42),
(693,'宠物零食',100,'1','0',1,691,42),
(694,'医疗保健',100,'1','0',1,691,42),
(695,'家居日用',100,'1','0',1,691,42),
(696,'宠物玩具',100,'1','0',1,691,42),
(697,'出行装备',100,'1','0',1,691,42),
(698,'洗护美容',100,'1','0',1,691,42),
(699,'厨具',100,'1','0',1,0,42),
(700,'烹饪锅具',100,'1','0',1,699,42),
(701,'炒锅',100,'1','0',1,700,42),
(702,'煎锅',100,'1','0',1,700,42),
(703,'压力锅',100,'1','0',1,700,42),
(704,'蒸锅',100,'1','0',1,700,42),
(705,'汤锅',100,'1','0',1,700,42),
(706,'奶锅',100,'1','0',1,700,42),
(707,'锅具套装',100,'1','0',1,700,42),
(708,'煲类',100,'1','0',1,700,42),
(709,'水壶',100,'1','0',1,700,42),
(710,'火锅',100,'1','0',1,700,42),
(711,'刀剪菜板',100,'1','0',1,699,42),
(712,'菜刀',100,'1','0',1,711,42),
(713,'剪刀',100,'1','0',1,711,42),
(714,'刀具套装',100,'1','0',1,711,42),
(715,'砧板',100,'1','0',1,711,42),
(716,'瓜果刀/刨',100,'1','0',1,711,42),
(717,'多功能刀',100,'1','0',1,711,42),
(718,'厨房配件',100,'1','0',1,699,42),
(719,'保鲜盒',100,'1','0',1,718,42),
(720,'烘焙/烧烤',100,'1','0',1,718,42),
(721,'饭盒/提锅',100,'1','0',1,718,42),
(722,'储物/置物架',100,'1','0',1,718,42),
(723,'厨房DIY/小工具',100,'1','0',1,718,42),
(724,'水具酒具',100,'1','0',1,699,42),
(725,'塑料杯',100,'1','0',1,724,42),
(726,'运动水壶',100,'1','0',1,724,42),
(727,'玻璃杯',100,'1','0',1,724,42),
(728,'陶瓷/马克杯',100,'1','0',1,724,42),
(729,'保温杯',100,'1','0',1,724,42),
(730,'保温壶',100,'1','0',1,724,42),
(731,'酒杯/酒具',100,'1','0',1,724,42),
(732,'杯具套装',100,'1','0',1,724,42),
(733,'餐具',100,'1','0',1,699,42),
(734,'餐具套装',100,'1','0',1,733,42),
(735,'碗/碟/盘',100,'1','0',1,733,42),
(736,'筷勺/刀叉',100,'1','0',1,733,42),
(737,'一次性用品',100,'1','0',1,733,42),
(738,'果盘/果篮',100,'1','0',1,733,42),
(739,'茶具/咖啡具',100,'1','0',1,699,42),
(740,'整套茶具',100,'1','0',1,739,42),
(741,'茶杯',100,'1','0',1,739,42),
(742,'茶壶',100,'1','0',1,739,42),
(743,'茶盘茶托',100,'1','0',1,739,42),
(744,'茶叶罐',100,'1','0',1,739,42),
(745,'茶具配件',100,'1','0',1,739,42),
(746,'茶宠摆件',100,'1','0',1,739,42),
(747,'咖啡具',100,'1','0',1,739,42),
(748,'其他',100,'1','0',1,739,42),
(749,'服饰内衣',100,'1','0',1,0,42),
(750,'女装',100,'1','0',1,749,42),
(751,'T恤',100,'1','0',1,750,42),
(752,'衬衫',100,'1','0',1,750,42),
(753,'针织衫',100,'1','0',1,750,42),
(754,'雪纺衫',100,'1','0',1,750,42),
(755,'卫衣',100,'1','0',1,750,42),
(756,'马甲',100,'1','0',1,750,42),
(757,'连衣裙',100,'1','0',1,750,42),
(758,'半身裙',100,'1','0',1,750,42),
(759,'牛仔裤',100,'1','0',1,750,42),
(760,'休闲裤',100,'1','0',1,750,42),
(761,'打底裤',100,'1','0',1,750,42),
(762,'正装裤',100,'1','0',1,750,42),
(763,'小西装',100,'1','0',1,750,42),
(764,'短外套',100,'1','0',1,750,42),
(765,'风衣',100,'1','0',1,750,42),
(766,'毛呢大衣',100,'1','0',1,750,42),
(767,'真皮皮衣',100,'1','0',1,750,42),
(768,'棉服',100,'1','0',1,750,42),
(769,'羽绒服',100,'1','0',1,750,42),
(770,'大码女装',100,'1','0',1,750,42),
(771,'中老年女装',100,'1','0',1,750,42),
(772,'婚纱',100,'1','0',1,750,42),
(773,'打底衫',100,'1','0',1,750,42),
(774,'旗袍/唐装',100,'1','0',1,750,42),
(775,'加绒裤',100,'1','0',1,750,42),
(776,'吊带/背心',100,'1','0',1,750,42),
(777,'羊绒衫',100,'1','0',1,750,42),
(778,'短裤',100,'1','0',1,750,42),
(779,'皮草',100,'1','0',1,750,42),
(780,'礼服',100,'1','0',1,750,42),
(781,'仿皮皮衣',100,'1','0',1,750,42),
(782,'羊毛衫',100,'1','0',1,750,42),
(783,'设计师/潮牌',100,'1','0',1,750,42),
(784,'男装',100,'1','0',1,749,42),
(785,'衬衫',100,'1','0',1,784,42),
(786,'T恤',100,'1','0',1,784,42),
(787,'POLO衫',100,'1','0',1,784,42),
(788,'针织衫',100,'1','0',1,784,42),
(789,'羊绒衫',100,'1','0',1,784,42),
(790,'卫衣',100,'1','0',1,784,42),
(791,'马甲/背心',100,'1','0',1,784,42),
(792,'夹克',100,'1','0',1,784,42),
(793,'风衣',100,'1','0',1,784,42),
(794,'毛呢大衣',100,'1','0',1,784,42),
(795,'仿皮皮衣',100,'1','0',1,784,42),
(796,'西服',100,'1','0',1,784,42),
(797,'棉服',100,'1','0',1,784,42),
(798,'羽绒服',100,'1','0',1,784,42),
(799,'牛仔裤',100,'1','0',1,784,42),
(800,'休闲裤',100,'1','0',1,784,42),
(801,'西裤',100,'1','0',1,784,42),
(802,'西服套装',100,'1','0',1,784,42),
(803,'大码男装',100,'1','0',1,784,42),
(804,'中老年男装',100,'1','0',1,784,42),
(805,'唐装/中山装',100,'1','0',1,784,42),
(806,'工装',100,'1','0',1,784,42),
(807,'真皮皮衣',100,'1','0',1,784,42),
(808,'加绒裤',100,'1','0',1,784,42),
(809,'卫裤/运动裤',100,'1','0',1,784,42),
(810,'短裤',100,'1','0',1,784,42),
(811,'设计师/潮牌',100,'1','0',1,784,42),
(812,'羊毛衫',100,'1','0',1,784,42),
(813,'内衣',100,'1','0',1,749,42),
(814,'文胸',100,'1','0',1,813,42),
(815,'女式内裤',100,'1','0',1,813,42),
(816,'男式内裤',100,'1','0',1,813,42),
(817,'睡衣/家居服',100,'1','0',1,813,42),
(818,'塑身美体',100,'1','0',1,813,42),
(819,'泳衣',100,'1','0',1,813,42),
(820,'吊带/背心',100,'1','0',1,813,42),
(821,'抹胸',100,'1','0',1,813,42),
(822,'连裤袜/丝袜',100,'1','0',1,813,42),
(823,'美腿袜',100,'1','0',1,813,42),
(824,'商务男袜',100,'1','0',1,813,42),
(825,'保暖内衣',100,'1','0',1,813,42),
(826,'情侣睡衣',100,'1','0',1,813,42),
(827,'文胸套装',100,'1','0',1,813,42),
(828,'少女文胸',100,'1','0',1,813,42),
(829,'休闲棉袜',100,'1','0',1,813,42),
(830,'大码内衣',100,'1','0',1,813,42),
(831,'内衣配件',100,'1','0',1,813,42),
(832,'打底裤袜',100,'1','0',1,813,42),
(833,'打底衫',100,'1','0',1,813,42),
(834,'秋衣秋裤',100,'1','0',1,813,42),
(835,'情趣内衣',100,'1','0',1,813,42),
(836,'服饰配件',100,'1','0',1,749,42),
(837,'太阳镜',100,'1','0',1,836,42),
(838,'光学镜架/镜片',100,'1','0',1,836,42),
(839,'围巾/手套/帽子套装',100,'1','0',1,836,42),
(840,'袖扣',100,'1','0',1,836,42),
(841,'棒球帽',100,'1','0',1,836,42),
(842,'毛线帽',100,'1','0',1,836,42),
(843,'遮阳帽',100,'1','0',1,836,42),
(844,'老花镜',100,'1','0',1,836,42),
(845,'装饰眼镜',100,'1','0',1,836,42),
(846,'防辐射眼镜',100,'1','0',1,836,42),
(847,'游泳镜',100,'1','0',1,836,42),
(848,'女士丝巾/围巾/披肩',100,'1','0',1,836,42),
(849,'男士丝巾/围巾',100,'1','0',1,836,42),
(850,'鸭舌帽',100,'1','0',1,836,42),
(851,'贝雷帽',100,'1','0',1,836,42),
(852,'礼帽',100,'1','0',1,836,42),
(853,'真皮手套',100,'1','0',1,836,42),
(854,'毛线手套',100,'1','0',1,836,42),
(855,'防晒手套',100,'1','0',1,836,42),
(856,'男士腰带/礼盒',100,'1','0',1,836,42),
(857,'女士腰带/礼盒',100,'1','0',1,836,42),
(858,'钥匙扣',100,'1','0',1,836,42),
(859,'遮阳伞/雨伞',100,'1','0',1,836,42),
(860,'口罩',100,'1','0',1,836,42),
(861,'耳罩/耳包',100,'1','0',1,836,42),
(862,'假领',100,'1','0',1,836,42),
(863,'毛线/布面料',100,'1','0',1,836,42),
(864,'领带/领结/领带夹',100,'1','0',1,836,42),
(865,'鞋靴',100,'1','0',1,0,42),
(866,'流行男鞋',100,'1','0',1,865,42),
(867,'商务休闲鞋',100,'1','0',1,866,42),
(868,'正装鞋',100,'1','0',1,866,42),
(869,'休闲鞋',100,'1','0',1,866,42),
(870,'凉鞋/沙滩鞋',100,'1','0',1,866,42),
(871,'男靴',100,'1','0',1,866,42),
(872,'功能鞋',100,'1','0',1,866,42),
(873,'拖鞋/人字拖',100,'1','0',1,866,42),
(874,'雨鞋/雨靴',100,'1','0',1,866,42),
(875,'传统布鞋',100,'1','0',1,866,42),
(876,'鞋配件',100,'1','0',1,866,42),
(877,'帆布鞋',100,'1','0',1,866,42),
(878,'增高鞋',100,'1','0',1,866,42),
(879,'工装鞋',100,'1','0',1,866,42),
(880,'定制鞋',100,'1','0',1,866,42),
(881,'时尚女鞋',100,'1','0',1,865,42),
(882,'高跟鞋',100,'1','0',1,881,42),
(883,'单鞋',100,'1','0',1,881,42),
(884,'休闲鞋',100,'1','0',1,881,42),
(885,'凉鞋',100,'1','0',1,881,42),
(886,'女靴',100,'1','0',1,881,42),
(887,'雪地靴',100,'1','0',1,881,42),
(888,'拖鞋/人字拖',100,'1','0',1,881,42),
(889,'踝靴',100,'1','0',1,881,42),
(890,'筒靴',100,'1','0',1,881,42),
(891,'帆布鞋',100,'1','0',1,881,42),
(892,'雨鞋/雨靴',100,'1','0',1,881,42),
(893,'妈妈鞋',100,'1','0',1,881,42),
(894,'鞋配件',100,'1','0',1,881,42),
(895,'特色鞋',100,'1','0',1,881,42),
(896,'鱼嘴鞋',100,'1','0',1,881,42),
(897,'布鞋/绣花鞋',100,'1','0',1,881,42),
(898,'马丁靴',100,'1','0',1,881,42),
(899,'坡跟鞋',100,'1','0',1,881,42),
(900,'松糕鞋',100,'1','0',1,881,42),
(901,'内增高',100,'1','0',1,881,42),
(902,'防水台',100,'1','0',1,881,42),
(903,'礼品箱包',100,'1','0',1,0,42),
(904,'潮流女包',100,'1','0',1,903,42),
(905,'钱包',100,'1','0',1,904,42),
(906,'手拿包/晚宴包',100,'1','0',1,904,42),
(907,'单肩包',100,'1','0',1,904,42),
(908,'双肩包',100,'1','0',1,904,42),
(909,'手提包',100,'1','0',1,904,42),
(910,'斜挎包',100,'1','0',1,904,42),
(911,'钥匙包',100,'1','0',1,904,42),
(912,'卡包/零钱包',100,'1','0',1,904,42),
(913,'精品男包',100,'1','0',1,903,42),
(914,'钱包/卡包',100,'1','0',1,913,42),
(915,'男士手包',100,'1','0',1,913,42),
(916,'商务公文包',100,'1','0',1,913,42),
(917,'双肩包',100,'1','0',1,913,42),
(918,'单肩/斜挎包',100,'1','0',1,913,42),
(919,'钥匙包',100,'1','0',1,913,42),
(920,'功能箱包',100,'1','0',1,903,42),
(921,'电脑包',100,'1','0',1,920,42),
(922,'拉杆箱/拉杆包',100,'1','0',1,920,42),
(923,'旅行包',100,'1','0',1,920,42),
(924,'旅行配件',100,'1','0',1,920,42),
(925,'休闲运动包',100,'1','0',1,920,42),
(926,'登山包',100,'1','0',1,920,42),
(927,'妈咪包',100,'1','0',1,920,42),
(928,'书包',100,'1','0',1,920,42),
(929,'相机包',100,'1','0',1,920,42),
(930,'腰包/胸包',100,'1','0',1,920,42),
(931,'礼品',100,'1','0',1,903,42),
(932,'火机烟具',100,'1','0',1,931,42),
(933,'礼品文具',100,'1','0',1,931,42),
(934,'军刀军具',100,'1','0',1,931,42),
(935,'收藏品',100,'1','0',1,931,42),
(936,'工艺礼品',100,'1','0',1,931,42),
(937,'创意礼品',100,'1','0',1,931,42),
(938,'礼盒礼券',100,'1','0',1,931,42),
(939,'鲜花绿植',100,'1','0',1,931,42),
(940,'婚庆用品',100,'1','0',1,931,42),
(941,'京东卡',100,'1','0',1,931,42),
(942,'美妆礼品',100,'1','0',1,931,42),
(943,'地方礼品',100,'1','0',1,931,42),
(944,'古董把玩',100,'1','0',1,931,42),
(945,'奢侈品',100,'1','0',1,903,42),
(946,'箱包',100,'1','0',1,945,42),
(947,'钱包',100,'1','0',1,945,42),
(948,'服饰',100,'1','0',1,945,42),
(949,'腰带',100,'1','0',1,945,42),
(950,'太阳镜/眼镜框',100,'1','0',1,945,42),
(951,'配件',100,'1','0',1,945,42),
(952,'鞋靴',100,'1','0',1,945,42),
(953,'饰品',100,'1','0',1,945,42),
(954,'名品腕表',100,'1','0',1,945,42),
(955,'高档化妆品',100,'1','0',1,945,42),
(956,'婚庆',100,'1','0',1,903,42),
(957,'婚嫁首饰',100,'1','0',1,956,42),
(958,'婚纱摄影',100,'1','0',1,956,42),
(959,'婚纱礼服',100,'1','0',1,956,42),
(960,'婚庆服务',100,'1','0',1,956,42),
(961,'婚庆礼品/用品',100,'1','0',1,956,42),
(962,'婚宴',100,'1','0',1,956,42),
(963,'珠宝',100,'1','0',1,0,42),
(964,'时尚饰品',100,'1','0',1,963,42),
(965,'项链',100,'1','0',1,964,42),
(966,'手链/脚链',100,'1','0',1,964,42),
(967,'戒指',100,'1','0',1,964,42),
(968,'耳饰',100,'1','0',1,964,42),
(969,'头饰',100,'1','0',1,964,42),
(970,'胸针',100,'1','0',1,964,42),
(971,'婚庆饰品',100,'1','0',1,964,42),
(972,'饰品配件',100,'1','0',1,964,42),
(973,'纯金K金饰品',100,'1','0',1,963,42),
(974,'吊坠/项链',100,'1','0',1,973,42),
(975,'手镯/手链/脚链',100,'1','0',1,973,42),
(976,'戒指',100,'1','0',1,973,42),
(977,'耳饰',100,'1','0',1,973,42),
(978,'金银投资',100,'1','0',1,963,42),
(979,'工艺金',100,'1','0',1,978,42),
(980,'工艺银',100,'1','0',1,978,42),
(981,'银饰',100,'1','0',1,963,42),
(982,'吊坠/项链',100,'1','0',1,981,42),
(983,'手镯/手链/脚链',100,'1','0',1,981,42),
(984,'戒指/耳饰',100,'1','0',1,981,42),
(985,'宝宝银饰',100,'1','0',1,981,42),
(986,'千足银手镯',100,'1','0',1,981,42),
(987,'钻石',100,'1','0',1,963,42),
(988,'裸钻',100,'1','0',1,987,42),
(989,'戒指',100,'1','0',1,987,42),
(990,'项链/吊坠',100,'1','0',1,987,42),
(991,'耳饰',100,'1','0',1,987,42),
(992,'手镯/手链',100,'1','0',1,987,42),
(993,'翡翠玉石',100,'1','0',1,963,42),
(994,'项链/吊坠',100,'1','0',1,993,42),
(995,'手镯/手串',100,'1','0',1,993,42),
(996,'戒指',100,'1','0',1,993,42),
(997,'耳饰',100,'1','0',1,993,42),
(998,'挂件/摆件/把件',100,'1','0',1,993,42),
(999,'高值收藏',100,'1','0',1,993,42),
(1000,'水晶玛瑙',100,'1','0',1,963,42),
(1001,'项链/吊坠',100,'1','0',1,1000,42),
(1002,'耳饰',100,'1','0',1,1000,42),
(1003,'手镯/手链/脚链',100,'1','0',1,1000,42),
(1004,'戒指',100,'1','0',1,1000,42),
(1005,'头饰/胸针',100,'1','0',1,1000,42),
(1006,'摆件/挂件',100,'1','0',1,1000,42),
(1007,'彩宝',100,'1','0',1,963,42),
(1008,'项链/吊坠',100,'1','0',1,1007,42),
(1009,'耳饰',100,'1','0',1,1007,42),
(1010,'手镯/手链',100,'1','0',1,1007,42),
(1011,'戒指',100,'1','0',1,1007,42),
(1012,'铂金',100,'1','0',1,963,42),
(1013,'项链/吊坠',100,'1','0',1,1012,42),
(1014,'手镯/手链/脚链',100,'1','0',1,1012,42),
(1015,'戒指',100,'1','0',1,1012,42),
(1016,'耳饰',100,'1','0',1,1012,42),
(1017,'天然木饰',100,'1','0',1,963,42),
(1018,'小叶紫檀',100,'1','0',1,1017,42),
(1019,'黄花梨',100,'1','0',1,1017,42),
(1020,'沉香',100,'1','0',1,1017,42),
(1021,'金丝楠',100,'1','0',1,1017,42),
(1022,'菩提',100,'1','0',1,1017,42),
(1023,'其他',100,'1','0',1,1017,42),
(1024,'珍珠',100,'1','0',1,963,42),
(1025,'项链',100,'1','0',1,1024,42),
(1026,'吊坠',100,'1','0',1,1024,42),
(1027,'耳饰',100,'1','0',1,1024,42),
(1028,'手链',100,'1','0',1,1024,42),
(1029,'戒指',100,'1','0',1,1024,42),
(1030,'胸针',100,'1','0',1,1024,42),
(1031,'运动健康',100,'1','0',1,0,42),
(1032,'运动鞋包',100,'1','0',1,1031,42),
(1033,'休闲鞋',100,'1','0',1,1032,42),
(1034,'板鞋',100,'1','0',1,1032,42),
(1035,'帆布鞋',100,'1','0',1,1032,42),
(1036,'专项运动鞋',100,'1','0',1,1032,42),
(1037,'跑步鞋',100,'1','0',1,1032,42),
(1038,'篮球鞋',100,'1','0',1,1032,42),
(1039,'足球鞋',100,'1','0',1,1032,42),
(1040,'训练鞋',100,'1','0',1,1032,42),
(1041,'乒羽网鞋',100,'1','0',1,1032,42),
(1042,'拖鞋',100,'1','0',1,1032,42),
(1043,'运动包',100,'1','0',1,1032,42),
(1044,'运动服饰',100,'1','0',1,1031,42),
(1045,'运动配饰',100,'1','0',1,1044,42),
(1046,'羽绒服',100,'1','0',1,1044,42),
(1047,'毛衫/线衫',100,'1','0',1,1044,42),
(1048,'乒羽网服',100,'1','0',1,1044,42),
(1049,'训练服',100,'1','0',1,1044,42),
(1050,'运动背心',100,'1','0',1,1044,42),
(1051,'卫衣/套头衫',100,'1','0',1,1044,42),
(1052,'夹克/风衣',100,'1','0',1,1044,42),
(1053,'T恤',100,'1','0',1,1044,42),
(1054,'棉服',100,'1','0',1,1044,42),
(1055,'运动裤',100,'1','0',1,1044,42),
(1056,'套装',100,'1','0',1,1044,42),
(1057,'骑行运动',100,'1','0',1,1031,42),
(1058,'折叠车',100,'1','0',1,1057,42),
(1059,'山地车/公路车',100,'1','0',1,1057,42),
(1060,'电动车',100,'1','0',1,1057,42),
(1061,'其他整车',100,'1','0',1,1057,42),
(1062,'骑行服',100,'1','0',1,1057,42),
(1063,'骑行装备',100,'1','0',1,1057,42),
(1064,'垂钓用品',100,'1','0',1,1031,42),
(1065,'鱼竿鱼线',100,'1','0',1,1064,42),
(1066,'浮漂鱼饵',100,'1','0',1,1064,42),
(1067,'钓鱼桌椅',100,'1','0',1,1064,42),
(1068,'钓鱼配件',100,'1','0',1,1064,42),
(1069,'钓箱鱼包',100,'1','0',1,1064,42),
(1070,'其它',100,'1','0',1,1064,42),
(1071,'游泳用品',100,'1','0',1,1031,42),
(1072,'泳镜',100,'1','0',1,1071,42),
(1073,'泳帽',100,'1','0',1,1071,42),
(1074,'游泳包防水包',100,'1','0',1,1071,42),
(1075,'女士泳衣',100,'1','0',1,1071,42),
(1076,'男士泳衣',100,'1','0',1,1071,42),
(1077,'比基尼',100,'1','0',1,1071,42),
(1078,'其它',100,'1','0',1,1071,42),
(1079,'户外鞋服',100,'1','0',1,1031,42),
(1080,'冲锋衣裤',100,'1','0',1,1079,42),
(1081,'速干衣裤',100,'1','0',1,1079,42),
(1082,'滑雪服',100,'1','0',1,1079,42),
(1083,'羽绒服/棉服',100,'1','0',1,1079,42),
(1084,'休闲衣裤',100,'1','0',1,1079,42),
(1085,'抓绒衣裤',100,'1','0',1,1079,42),
(1086,'软壳衣裤',100,'1','0',1,1079,42),
(1087,'T恤',100,'1','0',1,1079,42),
(1088,'户外风衣',100,'1','0',1,1079,42),
(1089,'功能内衣',100,'1','0',1,1079,42),
(1090,'军迷服饰',100,'1','0',1,1079,42),
(1091,'登山鞋',100,'1','0',1,1079,42),
(1092,'雪地靴',100,'1','0',1,1079,42),
(1093,'徒步鞋',100,'1','0',1,1079,42),
(1094,'越野跑鞋',100,'1','0',1,1079,42),
(1095,'休闲鞋',100,'1','0',1,1079,42),
(1096,'工装鞋',100,'1','0',1,1079,42),
(1097,'溯溪鞋',100,'1','0',1,1079,42),
(1098,'沙滩/凉拖',100,'1','0',1,1079,42),
(1099,'户外袜',100,'1','0',1,1079,42),
(1100,'户外装备',100,'1','0',1,1031,42),
(1101,'帐篷/垫子',100,'1','0',1,1100,42),
(1102,'睡袋/吊床',100,'1','0',1,1100,42),
(1103,'登山攀岩',100,'1','0',1,1100,42),
(1104,'背包',100,'1','0',1,1100,42),
(1105,'户外配饰',100,'1','0',1,1100,42),
(1106,'户外照明',100,'1','0',1,1100,42),
(1107,'户外仪表',100,'1','0',1,1100,42),
(1108,'户外工具',100,'1','0',1,1100,42),
(1109,'望远镜',100,'1','0',1,1100,42),
(1110,'旅游用品',100,'1','0',1,1100,42),
(1111,'便携桌椅床',100,'1','0',1,1100,42),
(1112,'野餐烧烤',100,'1','0',1,1100,42),
(1113,'军迷用品',100,'1','0',1,1100,42),
(1114,'救援装备',100,'1','0',1,1100,42),
(1115,'滑雪装备',100,'1','0',1,1100,42),
(1116,'极限户外',100,'1','0',1,1100,42),
(1117,'冲浪潜水',100,'1','0',1,1100,42),
(1118,'健身训练',100,'1','0',1,1031,42),
(1119,'综合训练器',100,'1','0',1,1118,42),
(1120,'其他大型器械',100,'1','0',1,1118,42),
(1121,'哑铃',100,'1','0',1,1118,42),
(1122,'仰卧板/收腹机',100,'1','0',1,1118,42),
(1123,'其他中小型器材',100,'1','0',1,1118,42),
(1124,'瑜伽舞蹈',100,'1','0',1,1118,42),
(1125,'武术搏击',100,'1','0',1,1118,42),
(1126,'健身车/动感单车',100,'1','0',1,1118,42),
(1127,'跑步机',100,'1','0',1,1118,42),
(1128,'运动护具',100,'1','0',1,1118,42),
(1129,'纤体瑜伽',100,'1','0',1,1031,42),
(1130,'瑜伽垫',100,'1','0',1,1129,42),
(1131,'瑜伽服',100,'1','0',1,1129,42),
(1132,'瑜伽配件',100,'1','0',1,1129,42),
(1133,'瑜伽套装',100,'1','0',1,1129,42),
(1134,'舞蹈鞋服',100,'1','0',1,1129,42),
(1135,'体育用品',100,'1','0',1,1031,42),
(1136,'羽毛球',100,'1','0',1,1135,42),
(1137,'乒乓球',100,'1','0',1,1135,42),
(1138,'篮球',100,'1','0',1,1135,42),
(1139,'足球',100,'1','0',1,1135,42),
(1140,'网球',100,'1','0',1,1135,42),
(1141,'排球',100,'1','0',1,1135,42),
(1142,'高尔夫',100,'1','0',1,1135,42),
(1143,'台球',100,'1','0',1,1135,42),
(1144,'棋牌麻将',100,'1','0',1,1135,42),
(1145,'轮滑滑板',100,'1','0',1,1135,42),
(1146,'其他',100,'1','0',1,1135,42),
(1147,'彩票、旅行、充值、票务',100,'1','0',1,0,42),
(1148,'彩票',100,'1','0',1,1147,42),
(1149,'双色球',100,'1','0',1,1148,42),
(1150,'大乐透',100,'1','0',1,1148,42),
(1151,'福彩3D',100,'1','0',1,1148,42),
(1152,'排列三',100,'1','0',1,1148,42),
(1153,'排列五',100,'1','0',1,1148,42),
(1154,'七星彩',100,'1','0',1,1148,42),
(1155,'七乐彩',100,'1','0',1,1148,42),
(1156,'竞彩足球',100,'1','0',1,1148,42),
(1157,'竞彩篮球',100,'1','0',1,1148,42),
(1158,'新时时彩',100,'1','0',1,1148,42),
(1159,'机票',100,'1','0',1,1147,42),
(1160,'国内机票',100,'1','0',1,1159,42),
(1161,'酒店',100,'1','0',1,1147,42),
(1162,'国内酒店',100,'1','0',1,1161,42),
(1163,'酒店团购',100,'1','0',1,1161,42),
(1164,'旅行',100,'1','0',1,1147,42),
(1165,'度假',100,'1','0',1,1164,42),
(1166,'景点',100,'1','0',1,1164,42),
(1167,'租车',100,'1','0',1,1164,42),
(1168,'火车票',100,'1','0',1,1164,42),
(1169,'旅游团购',100,'1','0',1,1164,42),
(1170,'充值',100,'1','0',1,1147,42),
(1171,'手机充值',100,'1','0',1,1170,42),
(1172,'游戏',100,'1','0',1,1147,42),
(1173,'游戏点卡',100,'1','0',1,1172,42),
(1174,'QQ充值',100,'1','0',1,1172,42),
(1175,'票务',100,'1','0',1,1147,42),
(1176,'电影票',100,'1','0',1,1175,42),
(1177,'演唱会',100,'1','0',1,1175,42),
(1178,'话剧歌剧',100,'1','0',1,1175,42),
(1179,'音乐会',100,'1','0',1,1175,42),
(1180,'体育赛事',100,'1','0',1,1175,42),
(1181,'舞蹈芭蕾',100,'1','0',1,1175,42),
(1182,'戏曲综艺',100,'1','0',1,1175,42),
(1191,'分类测试_毛祥溢',100,'1','0',1,18,42),
(1192,'小家电',100,'1','0',1,74,42),
(1193,'英文小说',100,'1','0',1,11,42),
(1194,'火锅涮锅',100,'1','0',1,718,42),
(1195,'手电筒',100,'1','0',1,1192,42),
(1196,'照妖镜',100,'1','0',1,1192,42),
(1197,'AA',100,'1','0',1,274,42),
(1198,'蓝宝石',100,'1','0',1,987,42),
(1199,'电子小说',100,'1','0',1,2,42),
(1200,'上网本',100,'1','0',1,162,42),
(1201,'婴儿礼服',100,'1','0',1,341,42),
(1202,'电子漫画书',100,'1','0',1,2,42),
(1203,'不移动软盘',100,'1','0',1,186,42),
(1204,'购机送流量',100,'1','0',1,562,42),
(1206,'二手家电',100,'1','0',1,74,42),
(1207,'电子教科书',100,'1','0',1,2,42),
(1208,'儿童电脑',100,'1','0',1,625,42),
(1212,'测试手机分类',100,'1','0',1,558,42),
(1213,'测试餐具',100,'1','0',1,733,42),
(1214,'电视',100,'1','0',1,161,42),
(1215,'电子文学',100,'1','0',1,2,11),
(1216,'电子画报',NULL,'1','0',101,2,43),
(1221,'瑞士名表',0,'1','0',0,291,0);

/*Table structure for table `tb_category_brand` */

DROP TABLE IF EXISTS `tb_category_brand`;

CREATE TABLE `tb_category_brand` (
  `id` int(11) NOT NULL AUTO_INCREMENT COMMENT '主键ID',
  `category_id` int(11) NOT NULL COMMENT '分类ID',
  `brand_id` int(11) NOT NULL COMMENT '品牌ID',
  PRIMARY KEY (`id`) USING BTREE
) ENGINE=InnoDB AUTO_INCREMENT=9 DEFAULT CHARSET=utf8 COMMENT='分类品牌关系表';

/*Data for the table `tb_category_brand` */

insert  into `tb_category_brand`(`id`,`category_id`,`brand_id`) values 
(8,560,14026);

/*Table structure for table `tb_product_attr_value` */

DROP TABLE IF EXISTS `tb_product_attr_value`;

CREATE TABLE `tb_product_attr_value` (
  `id` bigint(20) NOT NULL AUTO_INCREMENT COMMENT 'id',
  `spu_id` bigint(20) DEFAULT NULL COMMENT 'spuid',
  `attr_id` bigint(20) DEFAULT NULL COMMENT '属性id',
  `attr_name` varchar(200) COLLATE utf8mb4_bin DEFAULT NULL COMMENT '属性名称',
  `attr_value` varchar(200) COLLATE utf8mb4_bin DEFAULT NULL COMMENT '属性值',
  `attr_sort` int(11) DEFAULT NULL COMMENT '属性排序',
  `quick_show` tinyint(4) DEFAULT NULL COMMENT '显示',
  PRIMARY KEY (`id`)
) ENGINE=InnoDB AUTO_INCREMENT=21 DEFAULT CHARSET=utf8mb4 COLLATE=utf8mb4_bin COMMENT='spu';

/*Data for the table `tb_product_attr_value` */

insert  into `tb_product_attr_value`(`id`,`spu_id`,`attr_id`,`attr_name`,`attr_value`,`attr_sort`,`quick_show`) values 
(17,7,12,'上市年份','2021',NULL,0),
(18,7,13,'入网型号','A2405',NULL,0),
(19,7,14,'机身宽度','71.5',NULL,0),
(20,7,15,'机身厚度','71.5',NULL,0);

/*Table structure for table `tb_sku_images` */

DROP TABLE IF EXISTS `tb_sku_images`;

CREATE TABLE `tb_sku_images` (
  `id` bigint(20) NOT NULL AUTO_INCREMENT COMMENT 'id',
  `sku_id` bigint(20) DEFAULT NULL COMMENT 'sku_id',
  `img_url` varchar(255) COLLATE utf8mb4_bin DEFAULT NULL COMMENT '图片地址',
  `img_sort` int(11) DEFAULT NULL COMMENT '图片排序',
  `default_img` int(11) DEFAULT NULL COMMENT '默认图片',
  PRIMARY KEY (`id`)
) ENGINE=InnoDB AUTO_INCREMENT=16 DEFAULT CHARSET=utf8mb4 COLLATE=utf8mb4_bin COMMENT='sku图片表';

/*Data for the table `tb_sku_images` */

insert  into `tb_sku_images`(`id`,`sku_id`,`img_url`,`img_sort`,`default_img`) values 
(9,15,'//img14.360buyimg.com/n1/s450x450_jfs/t1/157479/23/13717/45938/605199c9Eb9c2d9a5/ba4aea81f90460bb.jpg',NULL,0),
(10,16,'//img10.360buyimg.com/n1/s450x450_jfs/t1/178855/30/222/65481/607fbe16E392795d7/8733cf64c15fdd8f.jpg',NULL,0),
(11,16,'//img10.360buyimg.com/n1/s450x450_jfs/t1/167203/15/20156/81225/607fbe16E963f9870/ac3521e099af151e.jpg',NULL,0),
(12,17,'//img10.360buyimg.com/n1/s450x450_jfs/t1/176592/4/2416/264905/606d34fdE52fba59c/d7d314e68a4acee9.png',NULL,0),
(13,17,'//img10.360buyimg.com/n1/s450x450_jfs/t1/176742/19/2392/292448/606d3503E36fb03c1/0d2ed02af037661c.png',NULL,0),
(14,18,'//img10.360buyimg.com/n1/s450x450_jfs/t1/176742/19/2392/292448/606d3503E36fb03c1/0d2ed02af037661c.png',NULL,0),
(15,18,'//img10.360buyimg.com/n1/s450x450_jfs/t1/164782/39/16864/261554/606d35a3Ed1019395/748a50b8c0714630.png',NULL,0);

/*Table structure for table `tb_sku_info` */

DROP TABLE IF EXISTS `tb_sku_info`;

CREATE TABLE `tb_sku_info` (
  `id` bigint(20) NOT NULL AUTO_INCREMENT COMMENT '自增ID',
  `spu_id` bigint(20) DEFAULT NULL COMMENT 'spuId',
  `sku_name` varchar(255) COLLATE utf8mb4_bin DEFAULT NULL COMMENT 'sku名称',
  `sku_desc` varchar(2000) COLLATE utf8mb4_bin DEFAULT NULL COMMENT 'sku描述',
  `category_id` bigint(20) DEFAULT NULL COMMENT '分类id',
  `brand_id` bigint(20) DEFAULT NULL COMMENT '品牌id',
  `sku_default_img` varchar(255) COLLATE utf8mb4_bin DEFAULT NULL COMMENT '默认sku图片',
  `sku_title` varchar(255) COLLATE utf8mb4_bin DEFAULT NULL COMMENT 'sku名称',
  `sku_subtitle` varchar(2000) COLLATE utf8mb4_bin DEFAULT NULL COMMENT 'sku子名称',
  `price` decimal(18,4) DEFAULT NULL COMMENT '价格',
  `sale_count` bigint(20) DEFAULT NULL COMMENT '销售数量',
  PRIMARY KEY (`id`) USING BTREE
) ENGINE=InnoDB AUTO_INCREMENT=19 DEFAULT CHARSET=utf8mb4 COLLATE=utf8mb4_bin COMMENT='sku??Ϣ';

/*Data for the table `tb_sku_info` */

insert  into `tb_sku_info`(`id`,`spu_id`,`sku_name`,`sku_desc`,`category_id`,`brand_id`,`sku_default_img`,`sku_title`,`sku_subtitle`,`price`,`sale_count`) values 
(15,7,'Apple iPhone 12 金色 128G',NULL,560,14026,'//img10.360buyimg.com/n1/s450x450_jfs/t1/164782/39/16864/261554/606d35a3Ed1019395/748a50b8c0714630.png','Apple iPhone 12 金色 128G','Apple iPhone 12 (A2404) 64GB 白色 支持移动联通电信5G 双卡双待手机',6000.0000,0),
(16,7,'Apple iPhone 12 金色 256G',NULL,560,14026,'//img10.360buyimg.com/n1/s450x450_jfs/t1/181908/15/200/45273/607fbe15E82aac16e/1f8b2323f5b2590f.jpg','Apple iPhone 12 金色 256G','Apple iPhone 12 (A2404) 64GB 白色 支持移动联通电信5G 双卡双待手机',7000.0000,0),
(17,7,'Apple iPhone 12 白色 128G',NULL,560,14026,'//img10.360buyimg.com/n1/s450x450_jfs/t1/167203/15/20156/81225/607fbe16E963f9870/ac3521e099af151e.jpg','Apple iPhone 12 白色 128G','Apple iPhone 12 (A2404) 64GB 白色 支持移动联通电信5G 双卡双待手机',6000.0000,0),
(18,7,'Apple iPhone 12 白色 256G',NULL,560,14026,'//img10.360buyimg.com/n1/s450x450_jfs/t1/176592/4/2416/264905/606d34fdE52fba59c/d7d314e68a4acee9.png','Apple iPhone 12 白色 256G','Apple iPhone 12 (A2404) 64GB 白色 支持移动联通电信5G 双卡双待手机',7000.0000,0);

/*Table structure for table `tb_sku_sale_attr_value` */

DROP TABLE IF EXISTS `tb_sku_sale_attr_value`;

CREATE TABLE `tb_sku_sale_attr_value` (
  `id` bigint(20) NOT NULL AUTO_INCREMENT COMMENT 'id',
  `sku_id` bigint(20) DEFAULT NULL COMMENT 'sku_id',
  `attr_id` bigint(20) DEFAULT NULL COMMENT 'attr_id',
  `attr_name` varchar(200) COLLATE utf8mb4_bin DEFAULT NULL COMMENT '属性名称',
  `attr_value` varchar(200) COLLATE utf8mb4_bin DEFAULT NULL COMMENT '属性值',
  `attr_sort` int(11) DEFAULT NULL COMMENT '属性排序',
  PRIMARY KEY (`id`)
) ENGINE=InnoDB AUTO_INCREMENT=37 DEFAULT CHARSET=utf8mb4 COLLATE=utf8mb4_bin COMMENT='sku销售属性值';

/*Data for the table `tb_sku_sale_attr_value` */

insert  into `tb_sku_sale_attr_value`(`id`,`sku_id`,`attr_id`,`attr_name`,`attr_value`,`attr_sort`) values 
(29,15,10,'颜色','金色',NULL),
(30,15,11,'内存','128G',NULL),
(31,16,10,'颜色','金色',NULL),
(32,16,11,'内存','256G',NULL),
(33,17,10,'颜色','白色',NULL),
(34,17,11,'内存','128G',NULL),
(35,18,10,'颜色','白色',NULL),
(36,18,11,'内存','256G',NULL);

/*Table structure for table `tb_spu_images` */

DROP TABLE IF EXISTS `tb_spu_images`;

CREATE TABLE `tb_spu_images` (
  `id` bigint(20) NOT NULL AUTO_INCREMENT COMMENT 'id',
  `spu_id` bigint(20) DEFAULT NULL COMMENT 'spu_id',
  `img_name` varchar(200) COLLATE utf8mb4_bin DEFAULT NULL COMMENT '图片名称',
  `img_url` varchar(255) COLLATE utf8mb4_bin DEFAULT NULL COMMENT '图片url',
  `img_sort` int(11) DEFAULT NULL COMMENT '图片顺序',
  `default_img` tinyint(4) DEFAULT NULL COMMENT '默认图片',
  PRIMARY KEY (`id`)
) ENGINE=InnoDB AUTO_INCREMENT=8 DEFAULT CHARSET=utf8mb4 COLLATE=utf8mb4_bin COMMENT='spu图片';

/*Data for the table `tb_spu_images` */

insert  into `tb_spu_images`(`id`,`spu_id`,`img_name`,`img_url`,`img_sort`,`default_img`) values 
(6,7,NULL,'//img14.360buyimg.com/n1/s450x450_jfs/t1/157479/23/13717/45938/605199c9Eb9c2d9a5/ba4aea81f90460bb.jpg',NULL,NULL),
(7,7,NULL,'//img10.360buyimg.com/n1/s450x450_jfs/t1/164782/39/16864/261554/606d35a3Ed1019395/748a50b8c0714630.png',NULL,NULL);

/*Table structure for table `tb_spu_info` */

DROP TABLE IF EXISTS `tb_spu_info`;

CREATE TABLE `tb_spu_info` (
  `id` bigint(20) NOT NULL AUTO_INCREMENT COMMENT '自增ID',
  `spu_name` varchar(200) COLLATE utf8mb4_bin DEFAULT NULL COMMENT 'spu名称',
  `spu_description` varchar(1000) COLLATE utf8mb4_bin DEFAULT NULL COMMENT 'spu描述',
  `category_id` bigint(20) DEFAULT NULL COMMENT '分类ID',
  `brand_id` bigint(20) DEFAULT NULL COMMENT '品牌ID',
  `weight` decimal(18,4) DEFAULT NULL COMMENT '权重',
  `publish_status` tinyint(4) DEFAULT NULL COMMENT '发布状态',
  `create_time` datetime DEFAULT NULL,
  `update_time` datetime DEFAULT NULL,
  PRIMARY KEY (`id`)
) ENGINE=InnoDB AUTO_INCREMENT=8 DEFAULT CHARSET=utf8mb4 COLLATE=utf8mb4_bin COMMENT='spu信息';

/*Data for the table `tb_spu_info` */

insert  into `tb_spu_info`(`id`,`spu_name`,`spu_description`,`category_id`,`brand_id`,`weight`,`publish_status`,`create_time`,`update_time`) values 
(7,'Apple iPhone 12','最新的iphone手机',560,14026,1.0000,0,'2021-04-15 01:09:58','2021-04-15 01:09:58');

/*Table structure for table `tb_spu_info_desc` */

DROP TABLE IF EXISTS `tb_spu_info_desc`;

CREATE TABLE `tb_spu_info_desc` (
  `id` bigint(20) NOT NULL AUTO_INCREMENT COMMENT '自增ID',
  `spu_id` bigint(20) NOT NULL COMMENT 'spu_id',
  `decript` longtext COLLATE utf8mb4_bin COMMENT '描述',
  PRIMARY KEY (`id`) USING BTREE
) ENGINE=InnoDB AUTO_INCREMENT=7 DEFAULT CHARSET=utf8mb4 COLLATE=utf8mb4_bin COMMENT='spu描述';

/*Data for the table `tb_spu_info_desc` */

insert  into `tb_spu_info_desc`(`id`,`spu_id`,`decript`) values 
(6,7,'有一种 5G，叫 iPhone 的 5G。');

/*Table structure for table `tb_tree` */

DROP TABLE IF EXISTS `tb_tree`;

CREATE TABLE `tb_tree` (
  `node_id` int(11) NOT NULL AUTO_INCREMENT,
  `name` varchar(45) DEFAULT NULL,
  `lft` int(11) DEFAULT NULL,
  `rgt` int(11) DEFAULT NULL,
  PRIMARY KEY (`node_id`)
) ENGINE=InnoDB AUTO_INCREMENT=11 DEFAULT CHARSET=utf8;

/*Data for the table `tb_tree` */

insert  into `tb_tree`(`node_id`,`name`,`lft`,`rgt`) values 
(1,'Food',1,18),
(2,'Fruit',2,13),
(3,'Red',3,8),
(4,'Cherry',4,5),
(5,'Yellow',9,12),
(6,'Banana',10,11),
(7,'Meat',14,17),
(9,'Pork',15,16),
(10,'Apple',6,7);

/*Table structure for table `tb_undo_log` */

DROP TABLE IF EXISTS `tb_undo_log`;

CREATE TABLE `tb_undo_log` (
  `id` bigint(20) NOT NULL AUTO_INCREMENT,
  `branch_id` bigint(20) NOT NULL,
  `xid` varchar(100) NOT NULL,
  `rollback_info` longblob NOT NULL,
  `log_status` int(11) NOT NULL,
  `log_created` datetime NOT NULL,
  `log_modified` datetime NOT NULL,
  `ext` varchar(100) DEFAULT NULL,
  PRIMARY KEY (`id`),
  KEY `idx_unionkey` (`xid`,`branch_id`)
) ENGINE=InnoDB DEFAULT CHARSET=utf8;

/*Data for the table `tb_undo_log` */

/*!40101 SET SQL_MODE=@OLD_SQL_MODE */;
/*!40014 SET FOREIGN_KEY_CHECKS=@OLD_FOREIGN_KEY_CHECKS */;
/*!40014 SET UNIQUE_CHECKS=@OLD_UNIQUE_CHECKS */;
/*!40111 SET SQL_NOTES=@OLD_SQL_NOTES */;
